double_LSTM,sequence_size,epoches,batch_size,trainScoreMAE,trainScoreMSE,trainScoreRMSE,testScoreMAE,testScoreMSE,testScoreRMSE,start_time,end_time
FALSE,5,5,16,996.8596585,993729.1787,996.8596585,47.94922906,2299.128568,47.94922906,1.68E+12,1.68E+12
FALSE,5,5,16,1958.891519,3837255.982,1958.891519,75.67920953,5727.342755,75.67920953,1.68E+12,1.68E+12
FALSE,5,5,16,29.49019506,869.6716048,29.49019506,75.17186469,5650.809241,75.17186469,1.68E+12,1.68E+12
FALSE,5,5,16,114.360635,13078.35484,114.360635,180.296397,32506.79078,180.296397,1.68E+12,1.68E+12
FALSE,5,5,16,1020.362344,1041139.313,1020.362344,225.8237408,50996.3619,225.8237408,1.68E+12,1.68E+12
FALSE,5,5,32,418.8186428,175409.0556,418.8186428,153.646983,23607.39538,153.646983,1.68E+12,1.68E+12
FALSE,5,5,32,1475.019815,2175683.454,1475.019815,18.26073187,333.4543286,18.26073187,1.68E+12,1.68E+12
FALSE,5,5,32,1364.797036,1862670.951,1364.797036,90.41698187,8175.230611,90.41698187,1.68E+12,1.68E+12
FALSE,5,5,32,1207.574258,1458235.589,1207.574258,21.2138775,450.0285986,21.2138775,1.68E+12,1.68E+12
FALSE,5,5,32,1024.546914,1049696.38,1024.546914,255.3300884,65193.45406,255.3300884,1.68E+12,1.68E+12
FALSE,5,5,64,1307.174478,1708705.115,1307.174478,13.28516656,176.4956506,13.28516656,1.68E+12,1.68E+12
FALSE,5,5,64,1544.854287,2386574.769,1544.854287,44.61329156,1990.345784,44.61329156,1.68E+12,1.68E+12
FALSE,5,5,64,990.2910549,980676.3735,990.2910549,98.64159125,9730.163524,98.64159125,1.68E+12,1.68E+12
FALSE,5,5,64,1081.138711,1168860.913,1081.138711,127.3632916,16221.40804,127.3632916,1.68E+12,1.68E+12
FALSE,5,5,64,997.56376,995133.4553,997.56376,94.16993219,8867.976128,94.16993219,1.68E+12,1.68E+12
FALSE,5,6,16,710.8816311,505352.6934,710.8816311,48.2451275,2327.592327,48.2451275,1.68E+12,1.68E+12
FALSE,5,6,16,24.09786108,580.7069085,24.09786108,61.58350641,3792.528261,61.58350641,1.68E+12,1.68E+12
FALSE,5,6,16,1441.417642,2077684.818,1441.417642,125.437022,15734.4465,125.437022,1.68E+12,1.68E+12
FALSE,5,6,16,298.0120022,88811.15346,298.0120022,48.57471734,2359.503165,48.57471734,1.68E+12,1.68E+12
FALSE,5,6,16,1441.447183,2077769.981,1441.447183,212.5996197,45198.59829,212.5996197,1.68E+12,1.68E+12
FALSE,5,6,32,578.864053,335083.5918,578.864053,213.6909283,45663.81283,213.6909283,1.68E+12,1.68E+12
FALSE,5,6,32,522.1682522,272659.6836,522.1682522,22.01417047,484.6237014,22.01417047,1.68E+12,1.68E+12
FALSE,5,6,32,1032.164834,1065364.245,1032.164834,39.52686578,1562.373118,39.52686578,1.68E+12,1.68E+12
FALSE,5,6,32,1537.645181,2364352.702,1537.645181,216.5742291,46904.39669,216.5742291,1.68E+12,1.68E+12
FALSE,5,6,32,1426.313882,2034371.29,1426.313882,37.93165094,1438.810143,37.93165094,1.68E+12,1.68E+12
FALSE,5,6,64,1433.099771,2053774.953,1433.099771,268.7358502,72218.95716,268.7358502,1.68E+12,1.68E+12
FALSE,5,6,64,179.108926,32080.00738,179.108926,65.93555719,4347.497702,65.93555719,1.68E+12,1.68E+12
FALSE,5,6,64,1020.207315,1040822.965,1020.207315,70.23292047,4932.663118,70.23292047,1.68E+12,1.68E+12
FALSE,5,6,64,1244.701577,1549282.017,1244.701577,102.3754986,10480.74271,102.3754986,1.68E+12,1.68E+12
FALSE,5,6,64,1590.223062,2528809.386,1590.223062,43.43797797,1886.85793,43.43797797,1.68E+12,1.68E+12
FALSE,5,7,16,1177.361123,1386179.215,1177.361123,2.749013125,7.557073161,2.749013125,1.68E+12,1.68E+12
FALSE,5,7,16,690.2148831,476396.5848,690.2148831,98.82422906,9766.22825,98.82422906,1.68E+12,1.68E+12
FALSE,5,7,16,1046.644326,1095464.346,1046.644326,7.424326719,55.12062723,7.424326719,1.68E+12,1.68E+12
FALSE,5,7,16,1510.058389,2280276.338,1510.058389,40.01512641,1601.210341,40.01512641,1.68E+12,1.68E+12
FALSE,5,7,16,1533.089639,2350363.841,1533.089639,108.0195209,11668.2169,108.0195209,1.68E+12,1.68E+12
FALSE,5,7,32,0.224814203,0.050541426,0.224814203,63.19581109,3993.71054,63.19581109,1.68E+12,1.68E+12
FALSE,5,7,32,615.1150295,378366.4996,615.1150295,32.86717719,1080.251336,32.86717719,1.68E+12,1.68E+12
FALSE,5,7,32,785.209512,616553.9777,785.209512,167.0610455,27909.39291,167.0610455,1.68E+12,1.68E+12
FALSE,5,7,32,859.1499417,738138.6222,859.1499417,170.3662213,29024.64934,170.3662213,1.68E+12,1.68E+12
FALSE,5,7,32,1007.559854,1015176.859,1007.559854,107.9672955,11656.93689,107.9672955,1.68E+12,1.68E+12
FALSE,5,7,64,1537.386636,2363557.669,1537.386636,128.6049908,16539.24365,128.6049908,1.68E+12,1.68E+12
FALSE,5,7,64,1018.343057,1037022.582,1018.343057,198.8232319,39530.67753,198.8232319,1.68E+12,1.68E+12
FALSE,5,7,64,1692.530557,2864659.686,1692.530557,20.20946234,408.4223682,20.20946234,1.68E+12,1.68E+12
FALSE,5,7,64,29.09590795,846.5718596,29.09590795,205.2666119,42134.38195,205.2666119,1.68E+12,1.68E+12
FALSE,5,7,64,1246.980752,1554960.996,1246.980752,26.09227484,680.8068065,26.09227484,1.68E+12,1.68E+12
FALSE,5,8,16,1214.495157,1474998.485,1214.495157,101.6499127,10332.70474,101.6499127,1.68E+12,1.68E+12
FALSE,5,8,16,69.90352514,4886.502827,69.90352514,79.80516547,6368.864435,79.80516547,1.68E+12,1.68E+12
FALSE,5,8,16,120.0260837,14406.26078,120.0260837,22.37010687,500.4216816,22.37010687,1.68E+12,1.68E+12
FALSE,5,8,16,1193.248086,1423840.995,1193.248086,61.45848578,3777.145475,61.45848578,1.68E+12,1.68E+12
FALSE,5,8,16,590.5754788,348779.3961,590.5754788,47.46141547,2252.585958,47.46141547,1.68E+12,1.68E+12
FALSE,5,8,32,382.8928616,146606.9434,382.8928616,32.60743219,1063.244634,32.60743219,1.68E+12,1.68E+12
FALSE,5,8,32,762.7934963,581853.9181,762.7934963,52.49756891,2755.994741,52.49756891,1.68E+12,1.68E+12
FALSE,5,8,32,22.23880884,494.5646188,22.23880884,41.87647516,1753.639172,41.87647516,1.68E+12,1.68E+12
FALSE,5,8,32,1227.401651,1506514.812,1227.401651,61.66307562,3802.334896,61.66307562,1.68E+12,1.68E+12
FALSE,5,8,32,1559.598672,2432348.018,1559.598672,69.23973578,4794.141011,69.23973578,1.68E+12,1.68E+12
FALSE,5,8,64,1370.573404,1878471.455,1370.573404,397.2397564,157799.4241,397.2397564,1.68E+12,1.68E+12
FALSE,5,8,64,738.846719,545894.4742,738.846719,121.2275494,14696.11873,121.2275494,1.68E+12,1.68E+12
FALSE,5,8,64,1314.483926,1727867.992,1314.483926,67.28467828,4527.227931,67.28467828,1.68E+12,1.68E+12
FALSE,5,8,64,1013.451944,1027084.842,1013.451944,129.1406353,16677.30369,129.1406353,1.68E+12,1.68E+12
FALSE,5,8,64,152.7030857,23318.23238,152.7030857,334.4145611,111833.0987,334.4145611,1.68E+12,1.68E+12
FALSE,5,9,16,441.5295017,194948.3009,441.5295017,37.01610297,1370.191879,37.01610297,1.68E+12,1.68E+12
FALSE,5,9,16,339.6933201,115391.5517,339.6933201,86.78028375,7530.817648,86.78028375,1.68E+12,1.68E+12
FALSE,5,9,16,830.3579495,689494.3242,830.3579495,60.00049859,3600.059831,60.00049859,1.68E+12,1.68E+12
FALSE,5,9,16,307.0583103,94284.80592,307.0583103,52.02051813,2706.134306,52.02051813,1.68E+12,1.68E+12
FALSE,5,9,16,1368.010415,1871452.496,1368.010415,104.4516705,10910.15146,104.4516705,1.68E+12,1.68E+12
FALSE,5,9,32,141.9338772,20145.2255,141.9338772,78.19874078,6115.04306,78.19874078,1.68E+12,1.68E+12
FALSE,5,9,32,1226.568887,1504471.234,1226.568887,36.47264594,1330.253902,36.47264594,1.68E+12,1.68E+12
FALSE,5,9,32,901.9380276,813492.2056,901.9380276,70.22461969,4931.49721,70.22461969,1.68E+12,1.68E+12
FALSE,5,9,32,1377.778848,1898274.554,1377.778848,136.5615131,18649.04687,136.5615131,1.68E+12,1.68E+12
FALSE,5,9,32,891.1912014,794221.7575,891.1912014,188.8847553,35677.45079,188.8847553,1.68E+12,1.68E+12
FALSE,5,9,64,1223.094766,1495960.806,1223.094766,112.5053814,12657.46085,112.5053814,1.68E+12,1.68E+12
FALSE,5,9,64,1311.290323,1719482.31,1311.290323,144.4785259,20874.04446,144.4785259,1.68E+12,1.68E+12
FALSE,5,9,64,1456.113565,2120266.713,1456.113565,42.59325141,1814.185065,42.59325141,1.68E+12,1.68E+12
FALSE,5,9,64,474.4433201,225096.464,474.4433201,90.59229547,8206.963998,90.59229547,1.68E+12,1.68E+12
FALSE,5,9,64,1051.889688,1106471.915,1051.889688,302.5205181,91518.66389,302.5205181,1.68E+12,1.68E+12
FALSE,5,10,16,582.6282131,339455.6347,582.6282131,124.9790142,15619.754,124.9790142,1.68E+12,1.68E+12
FALSE,5,10,16,707.3579495,500355.2687,707.3579495,220.6601666,48690.90911,220.6601666,1.68E+12,1.68E+12
FALSE,5,10,16,709.2632229,503054.3194,709.2632229,130.6767681,17076.41773,130.6767681,1.68E+12,1.68E+12
FALSE,5,10,16,619.9267971,384309.2338,619.9267971,58.39940375,3410.490358,58.39940375,1.68E+12,1.68E+12
FALSE,5,10,16,842.7336819,710200.0586,842.7336819,83.11719781,6908.468572,83.11719781,1.68E+12,1.68E+12
FALSE,5,10,32,1363.258218,1858472.969,1363.258218,221.362315,49001.2745,221.362315,1.68E+12,1.68E+12
FALSE,5,10,32,219.9602444,48382.50911,219.9602444,18.98633844,360.4810473,18.98633844,1.68E+12,1.68E+12
FALSE,5,10,32,1236.764932,1529587.497,1236.764932,50.90770453,2591.594381,50.90770453,1.68E+12,1.68E+12
FALSE,5,10,32,1224.527139,1499466.714,1224.527139,30.07762641,904.6636102,30.07762641,1.68E+12,1.68E+12
FALSE,5,10,32,573.1040432,328448.2444,573.1040432,105.0463764,11034.7412,105.0463764,1.68E+12,1.68E+12
FALSE,5,10,64,181.8664158,33075.39318,181.8664158,249.8545025,62427.27242,249.8545025,1.68E+12,1.68E+12
FALSE,5,10,64,241.0010159,58081.48965,241.0010159,260.4897564,67854.91319,260.4897564,1.68E+12,1.68E+12
FALSE,5,10,64,244.7761624,59915.36966,244.7761624,59.87159234,3584.60757,59.87159234,1.68E+12,1.68E+12
FALSE,5,10,64,1301.837686,1694781.36,1301.837686,50.20850641,2520.894116,50.20850641,1.68E+12,1.68E+12
FALSE,5,10,64,1069.454873,1143733.726,1069.454873,238.5048931,56884.58404,238.5048931,1.68E+12,1.68E+12
FALSE,10,5,16,114.5990083,13132.93271,114.5990083,65.90106831,4342.950805,65.90106831,1.68E+12,1.68E+12
FALSE,10,5,16,532.2906401,283333.3256,532.2906401,7.977728469,63.64415152,7.977728469,1.68E+12,1.68E+12
FALSE,10,5,16,228.9234526,52405.94716,228.9234526,67.76983013,4592.749875,67.76983013,1.68E+12,1.68E+12
FALSE,10,5,16,103.4693511,10705.90661,103.4693511,183.6144472,33714.26523,183.6144472,1.68E+12,1.68E+12
FALSE,10,5,16,165.1407378,27271.46327,165.1407378,138.013373,19047.69113,138.013373,1.68E+12,1.68E+12
FALSE,10,5,32,1532.970328,2349998.025,1532.970328,183.0490175,33506.94282,183.0490175,1.68E+12,1.68E+12
FALSE,10,5,32,1859.479605,3457664.401,1859.479605,67.05254497,4496.043787,67.05254497,1.68E+12,1.68E+12
FALSE,10,5,32,959.4000151,920448.389,959.4000151,133.2247988,17748.84701,133.2247988,1.68E+12,1.68E+12
FALSE,10,5,32,1204.687125,1451271.068,1204.687125,193.4562441,37425.31838,193.4562441,1.68E+12,1.68E+12
FALSE,10,5,32,1483.108023,2199609.408,1483.108023,170.6564394,29123.62031,170.6564394,1.68E+12,1.68E+12
FALSE,10,5,64,2670.065542,7129250.001,2670.065542,94.62871684,8954.594051,94.62871684,1.68E+12,1.68E+12
FALSE,10,5,64,3147.805777,9908681.209,3147.805777,248.1256777,61566.35193,248.1256777,1.68E+12,1.68E+12
FALSE,10,5,64,2731.926871,7463424.426,2731.926871,374.3825136,140162.2665,374.3825136,1.68E+12,1.68E+12
FALSE,10,5,64,2890.107535,8352721.562,2890.107535,109.5377871,11998.52679,109.5377871,1.68E+12,1.68E+12
FALSE,10,5,64,3077.513296,9471088.089,3077.513296,129.0036074,16641.93072,129.0036074,1.68E+12,1.68E+12
FALSE,10,6,16,82.45567919,6798.93903,82.45567919,58.15020122,3381.445902,58.15020122,1.68E+12,1.68E+12
FALSE,10,6,16,178.4810698,31855.49228,178.4810698,147.3097597,21700.16531,147.3097597,1.68E+12,1.68E+12
FALSE,10,6,16,311.6866362,97148.5592,311.6866362,21.94501362,481.583623,21.94501362,1.68E+12,1.68E+12
FALSE,10,6,16,92.6246245,8579.321064,92.6246245,309.4118105,95735.66848,309.4118105,1.68E+12,1.68E+12
FALSE,10,6,16,23.05213331,531.4008503,23.05213331,191.6413027,36726.3889,191.6413027,1.68E+12,1.68E+12
FALSE,10,6,32,1063.26232,1130526.761,1063.26232,178.6603457,31919.51911,178.6603457,1.68E+12,1.68E+12
FALSE,10,6,32,891.1592925,794164.8846,891.1592925,108.673041,11809.82983,108.673041,1.68E+12,1.68E+12
FALSE,10,6,32,887.02648,786815.9762,887.02648,153.7683653,23644.71016,153.7683653,1.68E+12,1.68E+12
FALSE,10,6,32,1091.615347,1191624.066,1091.615347,280.7726503,78833.28118,280.7726503,1.68E+12,1.68E+12
FALSE,10,6,32,842.2935698,709458.4577,842.2935698,196.3009707,38534.07108,196.3009707,1.68E+12,1.68E+12
FALSE,10,6,64,948.99523,900591.9465,948.99523,250.2428652,62621.49158,250.2428652,1.68E+12,1.68E+12
FALSE,10,6,64,1591.851675,2533991.756,1591.851675,271.298041,73602.62703,271.298041,1.68E+12,1.68E+12
FALSE,10,6,64,2573.611441,6623475.849,2573.611441,65.27324809,4260.596917,65.27324809,1.68E+12,1.68E+12
FALSE,10,6,64,2369.130972,5612781.563,2369.130972,319.7467714,102237.9978,319.7467714,1.68E+12,1.68E+12
FALSE,10,6,64,1427.618765,2038095.339,1427.618765,71.87470112,5165.972662,71.87470112,1.68E+12,1.68E+12
FALSE,10,7,16,230.9053862,53317.29738,230.9053862,112.9523378,12758.23062,112.9523378,1.68E+12,1.68E+12
FALSE,10,7,16,79.82237841,6371.612094,79.82237841,85.25078716,7267.696711,85.25078716,1.68E+12,1.68E+12
FALSE,10,7,16,266.394644,70966.10637,266.394644,106.2507872,11289.22977,106.2507872,1.68E+12,1.68E+12
FALSE,10,7,16,35.6410005,1270.280917,35.6410005,375.0206972,140640.5233,375.0206972,1.68E+12,1.68E+12
FALSE,10,7,16,199.7208159,39888.40431,199.7208159,8.209771531,67.4003486,8.209771531,1.68E+12,1.68E+12
FALSE,10,7,32,1072.637808,1150551.867,1072.637808,163.2062441,26636.27811,163.2062441,1.68E+12,1.68E+12
FALSE,10,7,32,984.7701323,969772.2135,984.7701323,21.60809956,466.9099667,21.60809956,1.68E+12,1.68E+12
FALSE,10,7,32,768.4283354,590482.1067,768.4283354,55.02813091,3028.095191,55.02813091,1.68E+12,1.68E+12
FALSE,10,7,32,905.6993315,820291.2791,905.6993315,107.7243105,11604.52707,107.7243105,1.68E+12,1.68E+12
FALSE,10,7,32,1035.525015,1072312.057,1035.525015,86.61846294,7502.758122,86.61846294,1.68E+12,1.68E+12
FALSE,10,7,64,2715.645621,7374731.137,2715.645621,380.7243105,144951.0006,380.7243105,1.68E+12,1.68E+12
FALSE,10,7,64,2270.899039,5156982.443,2270.899039,157.6633848,24857.74291,157.6633848,1.68E+12,1.68E+12
FALSE,10,7,64,2310.38732,5337889.568,2310.38732,80.02080669,6403.329503,80.02080669,1.68E+12,1.68E+12
FALSE,10,7,64,2231.795523,4980911.256,2231.795523,180.4411074,32558.99323,180.4411074,1.68E+12,1.68E+12
FALSE,10,7,64,2338.286734,5467584.85,2338.286734,239.8712832,57538.23248,239.8712832,1.68E+12,1.68E+12
FALSE,10,8,16,6.357797375,40.42158746,6.357797375,35.37421284,1251.334934,35.37421284,1.68E+12,1.68E+12
FALSE,10,8,16,221.9532378,49263.23976,221.9532378,17.22441997,296.6806433,17.22441997,1.68E+12,1.68E+12
FALSE,10,8,16,183.3324067,33610.77136,183.3324067,162.4939512,26404.28418,162.4939512,1.68E+12,1.68E+12
FALSE,10,8,16,266.9349458,71254.2653,266.9349458,185.2659239,34323.46255,185.2659239,1.68E+12,1.68E+12
FALSE,10,8,16,125.7715972,15818.49465,125.7715972,52.84638081,2792.739965,52.84638081,1.68E+12,1.68E+12
FALSE,10,8,32,870.2037261,757254.5249,870.2037261,27.68682231,766.5601298,27.68682231,1.68E+12,1.68E+12
FALSE,10,8,32,306.2564604,93793.01956,306.2564604,191.1824278,36550.72069,191.1824278,1.68E+12,1.68E+12
FALSE,10,8,32,579.5748198,335906.9718,579.5748198,103.1290957,10635.61037,103.1290957,1.68E+12,1.68E+12
FALSE,10,8,32,306.160269,93734.11033,306.160269,57.64960347,3323.47678,57.64960347,1.68E+12,1.68E+12
FALSE,10,8,32,51.14197706,2615.501818,51.14197706,116.6985411,13618.54949,116.6985411,1.68E+12,1.68E+12
FALSE,10,8,64,2478.315054,6142045.508,2478.315054,151.157416,22848.5644,151.157416,1.68E+12,1.68E+12
FALSE,10,8,64,1625.221792,2641345.875,1625.221792,99.49823628,9899.899023,99.49823628,1.68E+12,1.68E+12
FALSE,10,8,64,1259.065542,1585246.04,1259.065542,166.1003965,27589.34173,166.1003965,1.68E+12,1.68E+12
FALSE,10,8,64,1669.590933,2787533.884,1669.590933,94.14385356,8863.065164,94.14385356,1.68E+12,1.68E+12
FALSE,10,8,64,2355.959585,5550545.568,2355.959585,41.57940044,1728.846541,41.57940044,1.68E+12,1.68E+12
FALSE,10,9,16,294.4874175,86722.83905,294.4874175,23.08905659,533.1045344,23.08905659,1.68E+12,1.68E+12
FALSE,10,9,16,162.292105,26338.72734,162.292105,112.2761778,12605.9401,112.2761778,1.68E+12,1.68E+12
FALSE,10,9,16,445.5406401,198506.462,445.5406401,65.92499409,4346.104846,65.92499409,1.68E+12,1.68E+12
FALSE,10,9,16,231.2237456,53464.42053,231.2237456,151.7078184,23015.26217,151.7078184,1.68E+12,1.68E+12
FALSE,10,9,16,157.1173003,24685.84605,157.1173003,94.57158794,8943.785245,94.57158794,1.68E+12,1.68E+12
FALSE,10,9,32,175.6058442,30837.41253,175.6058442,70.70233784,4998.820577,70.70233784,1.68E+12,1.68E+12
FALSE,10,9,32,174.2017729,30346.25769,174.2017729,44.06659566,1941.864853,44.06659566,1.68E+12,1.68E+12
FALSE,10,9,32,135.2672026,18297.21611,135.2672026,30.83173237,950.5957212,30.83173237,1.68E+12,1.68E+12
FALSE,10,9,32,120.2774565,14466.66655,120.2774565,215.7238222,46536.76747,215.7238222,1.68E+12,1.68E+12
FALSE,10,9,32,384.5919097,147910.937,384.5919097,10.45966206,109.4045305,10.45966206,1.68E+12,1.68E+12
FALSE,10,9,64,1990.333609,3961427.875,1990.333609,66.98895894,4487.52062,66.98895894,1.68E+12,1.68E+12
FALSE,10,9,64,1254.16271,1572924.104,1254.16271,177.0416933,31343.76117,177.0416933,1.68E+12,1.68E+12
FALSE,10,9,64,2124.923453,4515299.68,2124.923453,110.1843809,12140.5978,110.1843809,1.68E+12,1.68E+12
FALSE,10,9,64,1440.959585,2076364.527,1440.959585,119.6271425,14310.65323,119.6271425,1.68E+12,1.68E+12
FALSE,10,9,64,2216.531363,4913011.282,2216.531363,133.5485292,17835.20966,133.5485292,1.68E+12,1.68E+12
FALSE,10,10,16,177.0518706,31347.36488,177.0518706,67.67352925,4579.706561,67.67352925,1.68E+12,1.68E+12
FALSE,10,10,16,327.6988433,107386.5319,327.6988433,42.68915425,1822.363891,42.68915425,1.68E+12,1.68E+12
FALSE,10,10,16,400.4805815,160384.6962,400.4805815,60.21600972,3625.967826,60.21600972,1.68E+12,1.68E+12
FALSE,10,10,16,236.0591948,55723.94346,236.0591948,114.8122011,13181.84153,114.8122011,1.68E+12,1.68E+12
FALSE,10,10,16,57.47472216,3303.343687,57.47472216,82.42070903,6793.173277,82.42070903,1.68E+12,1.68E+12
FALSE,10,10,32,129.7486479,16834.71164,129.7486479,2.191107375,4.800951529,2.191107375,1.68E+12,1.68E+12
FALSE,10,10,32,405.7442534,164628.3992,405.7442534,157.860541,24919.95039,157.860541,1.68E+12,1.68E+12
FALSE,10,10,32,57.19959425,3271.793582,57.19959425,31.51386128,993.1234529,31.51386128,1.68E+12,1.68E+12
FALSE,10,10,32,116.5396636,13581.49318,116.5396636,131.8029238,17372.01072,131.8029238,1.68E+12,1.68E+12
FALSE,10,10,32,155.7911284,24270.87569,155.7911284,120.0040957,14400.98297,120.0040957,1.68E+12,1.68E+12
FALSE,10,10,64,1242.422476,1543613.609,1242.422476,84.39130269,7121.891969,84.39130269,1.68E+12,1.68E+12
FALSE,10,10,64,611.9527495,374486.1676,611.9527495,190.2023378,36176.92932,190.2023378,1.68E+12,1.68E+12
FALSE,10,10,64,703.6158354,495075.2439,703.6158354,139.0709902,19340.74031,139.0709902,1.68E+12,1.68E+12
FALSE,10,10,64,1325.761343,1757643.139,1325.761343,112.6051699,12679.92428,112.6051699,1.68E+12,1.68E+12
FALSE,10,10,64,905.7838042,820444.2999,905.7838042,151.5783144,22975.9854,151.5783144,1.68E+12,1.68E+12
FALSE,15,5,16,227.0617041,51557.01745,227.0617041,240.69324,57933.2358,240.69324,1.68E+12,1.68E+12
FALSE,15,5,16,160.1492334,25647.77697,160.1492334,69.71008028,4859.495293,69.71008028,1.68E+12,1.68E+12
FALSE,15,5,16,240.7468897,57959.06489,240.7468897,12.80700956,164.0194939,12.80700956,1.68E+12,1.68E+12
FALSE,15,5,16,96.18865719,9252.257772,96.18865719,194.2152127,37719.54884,194.2152127,1.68E+12,1.68E+12
FALSE,15,5,16,1.5294775,2.339301423,1.5294775,61.18445097,3743.53704,61.18445097,1.68E+12,1.68E+12
FALSE,15,5,32,641.8728662,412000.7764,641.8728662,46.20495878,2134.898216,46.20495878,1.68E+12,1.68E+12
FALSE,15,5,32,651.8816553,424949.6925,651.8816553,74.16027559,5499.746476,74.16027559,1.68E+12,1.68E+12
FALSE,15,5,32,152.43146,23235.35,152.43146,12.65148653,160.0601115,12.65148653,1.68E+12,1.68E+12
FALSE,15,5,32,628.4812647,394988.7001,628.4812647,130.7987088,17108.30222,130.7987088,1.68E+12,1.68E+12
FALSE,15,5,32,666.1287256,443727.4791,666.1287256,71.72131075,5143.946416,71.72131075,1.68E+12,1.68E+12
FALSE,15,5,64,463.1867041,214541.9228,463.1867041,79.15441622,6265.421607,79.15441622,1.68E+12,1.68E+12
FALSE,15,5,64,134.2189306,18014.72134,134.2189306,151.5386936,22963.97565,151.5386936,1.68E+12,1.68E+12
FALSE,15,5,64,1023.624204,1047806.511,1023.624204,347.8758572,121017.612,347.8758572,1.68E+12,1.68E+12
FALSE,15,5,64,677.7902197,459399.5819,677.7902197,427.3724392,182647.2018,427.3724392,1.68E+12,1.68E+12
FALSE,15,5,64,831.7443213,691798.6159,831.7443213,176.9549588,31313.05744,176.9549588,1.68E+12,1.68E+12
FALSE,15,6,16,8.602719688,74.00678602,8.602719688,20.53234591,421.5772284,20.53234591,1.68E+12,1.68E+12
FALSE,15,6,16,106.25604,11290.34604,106.25604,90.26134981,8147.11127,90.26134981,1.68E+12,1.68E+12
FALSE,15,6,16,93.63849125,8768.167044,93.63849125,67.14831816,4508.896631,67.14831816,1.68E+12,1.68E+12
FALSE,15,6,16,77.91095219,6070.116471,77.91095219,7.180295125,51.55663808,7.180295125,1.68E+12,1.68E+12
FALSE,15,6,16,203.0089697,41212.64177,203.0089697,39.69324003,1575.553304,39.69324003,1.68E+12,1.68E+12
FALSE,15,6,32,234.0545069,54781.51219,234.0545069,106.0448025,11245.50014,106.0448025,1.68E+12,1.68E+12
FALSE,15,6,32,684.7488428,468880.9777,684.7488428,318.2449978,101279.8787,318.2449978,1.68E+12,1.68E+12
FALSE,15,6,32,2.668764687,7.122304957,2.668764687,110.0809353,12117.81233,110.0809353,1.68E+12,1.68E+12
FALSE,15,6,32,383.759585,147271.4191,383.759585,136.5775174,18653.41825,136.5775174,1.68E+12,1.68E+12
FALSE,15,6,32,111.1629053,12357.19152,111.1629053,163.7957791,26829.05725,163.7957791,1.68E+12,1.68E+12
FALSE,15,6,64,566.3937353,320801.8634,566.3937353,437.0487088,191011.5738,437.0487088,1.68E+12,1.68E+12
FALSE,15,6,64,67.81720219,4599.172913,67.81720219,1.827756063,3.340692224,1.827756063,1.68E+12,1.68E+12
FALSE,15,6,64,337.4074072,113843.7584,337.4074072,309.6761502,95899.31799,309.6761502,1.68E+12,1.68E+12
FALSE,15,6,64,71.61736813,5129.047417,71.61736813,339.7808811,115451.0471,339.7808811,1.68E+12,1.68E+12
FALSE,15,6,64,655.2976709,429415.0375,655.2976709,123.7296115,15309.01677,123.7296115,1.68E+12,1.68E+12
FALSE,15,7,16,46.77032719,2187.463505,46.77032719,148.6309787,22091.16783,148.6309787,1.68E+12,1.68E+12
FALSE,15,7,16,67.08514156,4500.416218,67.08514156,45.5482205,2074.640391,45.5482205,1.68E+12,1.68E+12
FALSE,15,7,16,58.32146969,3401.393827,58.32146969,4.905642375,24.06532711,4.905642375,1.68E+12,1.68E+12
FALSE,15,7,16,200.8693213,40348.48422,200.8693213,70.15685763,4921.984672,70.15685763,1.68E+12,1.68E+12
FALSE,15,7,16,57.52361813,3308.966642,57.52361813,161.7791775,26172.50228,161.7791775,1.68E+12,1.68E+12
FALSE,15,7,32,449.3621241,201926.3185,449.3621241,145.534299,21180.23219,145.534299,1.68E+12,1.68E+12
FALSE,15,7,32,146.2136866,21378.44214,146.2136866,65.27380644,4260.669807,65.27380644,1.68E+12,1.68E+12
FALSE,15,7,32,318.0545069,101158.6693,318.0545069,98.73009981,9747.632609,98.73009981,1.68E+12,1.68E+12
FALSE,15,7,32,423.9900537,179767.5657,423.9900537,132.6439236,17594.41047,132.6439236,1.68E+12,1.68E+12
FALSE,15,7,32,77.85955563,6062.110402,77.85955563,343.9730252,118317.4421,343.9730252,1.68E+12,1.68E+12
FALSE,15,7,64,452.6004053,204847.1269,452.6004053,60.74621309,3690.102405,60.74621309,1.68E+12,1.68E+12
FALSE,15,7,64,494.8826319,244908.8193,494.8826319,205.9754666,42425.89284,205.9754666,1.68E+12,1.68E+12
FALSE,15,7,64,1094.160952,1197188.189,1094.160952,150.0714084,22521.42762,150.0714084,1.68E+12,1.68E+12
FALSE,15,7,64,293.6290869,86218.04066,293.6290869,679.583865,461834.2296,679.583865,1.68E+12,1.68E+12
FALSE,15,7,64,289.3464991,83721.39652,289.3464991,60.93689237,3713.304852,60.93689237,1.68E+12,1.68E+12
FALSE,15,8,16,92.5330225,8562.360253,92.5330225,146.36926,21423.96026,146.36926,1.68E+12,1.68E+12
FALSE,15,8,16,73.28240719,5370.311203,73.28240719,95.69079862,9156.728941,95.69079862,1.68E+12,1.68E+12
FALSE,15,8,16,231.9005713,53777.87495,231.9005713,176.1873807,31041.9931,176.1873807,1.68E+12,1.68E+12
FALSE,15,8,16,300.8292822,90498.25702,300.8292822,264.9417752,70194.14424,264.9417752,1.68E+12,1.68E+12
FALSE,15,8,16,184.8839697,34182.08225,184.8839697,25.58044706,654.3592719,25.58044706,1.68E+12,1.68E+12
FALSE,15,8,32,276.7273584,76578.03091,276.7273584,260.3367947,67775.24668,260.3367947,1.68E+12,1.68E+12
FALSE,15,8,32,12.31561031,151.6742574,12.31561031,174.1512478,30328.65713,174.1512478,1.68E+12,1.68E+12
FALSE,15,8,32,386.6105322,149467.7036,386.6105322,311.5667752,97073.8554,311.5667752,1.68E+12,1.68E+12
FALSE,15,8,32,686.9871241,471951.3086,686.9871241,245.2925998,60168.45952,245.2925998,1.68E+12,1.68E+12
FALSE,15,8,32,444.7888819,197837.1494,444.7888819,229.3414279,52597.49057,229.3414279,1.68E+12,1.68E+12
FALSE,15,8,64,299.9675928,89980.55674,299.9675928,102.06824,10417.92562,102.06824,1.68E+12,1.68E+12
FALSE,15,8,64,210.1121241,44147.10468,210.1121241,38.83703341,1508.315164,38.83703341,1.68E+12,1.68E+12
FALSE,15,8,64,215.5603662,46466.2715,215.5603662,177.2611111,31421.50152,177.2611111,1.68E+12,1.68E+12
FALSE,15,8,64,91.48517094,8369.536501,91.48517094,167.3826932,28016.96597,167.3826932,1.68E+12,1.68E+12
FALSE,15,8,64,441.3259912,194768.6306,441.3259912,39.61095919,1569.028088,39.61095919,1.68E+12,1.68E+12
FALSE,15,9,16,314.9386572,99186.35779,314.9386572,49.92370878,2492.376698,49.92370878,1.68E+12,1.68E+12
FALSE,15,9,16,80.37872562,6460.739533,80.37872562,122.5577365,15020.39878,122.5577365,1.68E+12,1.68E+12
FALSE,15,9,16,332.2775244,110408.3532,332.2775244,23.17077909,536.8850038,23.17077909,1.68E+12,1.68E+12
FALSE,15,9,16,110.0968603,12121.31865,110.0968603,8.257931844,68.19343834,8.257931844,1.68E+12,1.68E+12
FALSE,15,9,16,81.75701656,6684.209757,81.75701656,5.763791219,33.22128921,5.763791219,1.68E+12,1.68E+12
FALSE,15,9,32,149.4685694,22340.85323,149.4685694,188.0950955,35379.76495,188.0950955,1.68E+12,1.68E+12
FALSE,15,9,32,75.49981937,5700.222726,75.49981937,153.4381076,23543.25287,153.4381076,1.68E+12,1.68E+12
FALSE,15,9,32,245.3884912,60215.51164,245.3884912,142.1456272,20205.37932,142.1456272,1.68E+12,1.68E+12
FALSE,15,9,32,81.15021,6585.356583,81.15021,21.60876737,466.9388275,21.60876737,1.68E+12,1.68E+12
FALSE,15,9,32,47.17169437,2225.16875,47.17169437,83.6575955,6998.593285,83.6575955,1.68E+12,1.68E+12
FALSE,15,9,64,407.1873194,165801.5131,407.1873194,49.60730253,2460.884464,49.60730253,1.68E+12,1.68E+12
FALSE,15,9,64,314.6062647,98977.10178,314.6062647,145.2821072,21106.89068,145.2821072,1.68E+12,1.68E+12
FALSE,15,9,64,544.5691553,296555.5649,544.5691553,46.20300566,2134.717732,46.20300566,1.68E+12,1.68E+12
FALSE,15,9,64,219.3992334,48136.02363,219.3992334,227.7366971,51864.00319,227.7366971,1.68E+12,1.68E+12
FALSE,15,9,64,508.6756006,258750.8667,508.6756006,17.07140841,291.432985,17.07140841,1.68E+12,1.68E+12
FALSE,15,10,16,195.0411963,38041.06823,195.0411963,5.986208781,35.83469557,5.986208781,1.68E+12,1.68E+12
FALSE,15,10,16,199.7726416,39909.10832,199.7726416,26.66931425,711.2523226,26.66931425,1.68E+12,1.68E+12
FALSE,15,10,16,402.2951025,161841.3495,402.2951025,162.6868924,26467.02495,162.6868924,1.68E+12,1.68E+12
FALSE,15,10,16,457.9083838,209680.0879,457.9083838,169.0472439,28576.97068,169.0472439,1.68E+12,1.68E+12
FALSE,15,10,16,185.3742041,34363.59553,185.3742041,183.1302517,33536.68911,183.1302517,1.68E+12,1.68E+12
FALSE,15,10,32,61.58611813,3792.849946,61.58611813,294.8211697,86919.52211,294.8211697,1.68E+12,1.68E+12
FALSE,15,10,32,16.57501469,274.7311119,16.57501469,7.827267781,61.26612092,7.827267781,1.68E+12,1.68E+12
FALSE,15,10,32,3.559750938,12.67182674,3.559750938,40.72179903,1658.264916,40.72179903,1.68E+12,1.68E+12
FALSE,15,10,32,197.4558741,38988.8222,197.4558741,28.38952909,805.9653622,28.38952909,1.68E+12,1.68E+12
FALSE,15,10,32,29.46856937,868.396581,29.46856937,135.0235568,18231.3609,135.0235568,1.68E+12,1.68E+12
FALSE,15,10,64,394.2146631,155405.2006,394.2146631,122.7298611,15062.61881,122.7298611,1.68E+12,1.68E+12
FALSE,15,10,64,264.6052881,70015.9585,264.6052881,209.2679471,43793.07367,209.2679471,1.68E+12,1.68E+12
FALSE,15,10,64,19.19354,368.3919777,19.19354,351.0296658,123221.8263,351.0296658,1.68E+12,1.68E+12
FALSE,15,10,64,428.3982569,183525.0665,428.3982569,26.85730253,721.3146993,26.85730253,1.68E+12,1.68E+12
FALSE,15,10,64,346.8347803,120294.3648,346.8347803,169.2288846,28638.41537,169.2288846,1.68E+12,1.68E+12
FALSE,20,5,16,439.6155241,193261.809,439.6155241,73.26548109,5367.83072,73.26548109,1.68E+12,1.68E+12
FALSE,20,5,16,198.1165006,39250.14782,198.1165006,15.84096422,250.9361474,15.84096422,1.68E+12,1.68E+12
FALSE,20,5,16,387.2825162,149987.7474,387.2825162,125.6365748,15784.54894,125.6365748,1.68E+12,1.68E+12
FALSE,20,5,16,389.7659147,151917.4683,389.7659147,76.77016344,5893.657994,76.77016344,1.68E+12,1.68E+12
FALSE,20,5,16,538.8909147,290403.4179,538.8909147,12.05287828,145.2718749,12.05287828,1.68E+12,1.68E+12
FALSE,20,5,32,1004.422165,1008863.885,1004.422165,144.1136256,20768.73709,144.1136256,1.68E+12,1.68E+12
FALSE,20,5,32,527.512985,278269.9493,527.512985,183.5226048,33680.54649,183.5226048,1.68E+12,1.68E+12
FALSE,20,5,32,637.0852506,405877.6166,637.0852506,75.25356187,5663.098575,75.25356187,1.68E+12,1.68E+12
FALSE,20,5,32,705.4563444,497668.6538,705.4563444,44.02671156,1938.351331,44.02671156,1.68E+12,1.68E+12
FALSE,20,5,32,410.3108366,168354.9826,410.3108366,57.18031969,3269.58896,57.18031969,1.68E+12,1.68E+12
FALSE,20,5,64,537.7747037,289201.632,537.7747037,51.59340562,2661.879504,51.59340562,1.68E+12,1.68E+12
FALSE,20,5,64,391.8782194,153568.5388,391.8782194,242.6023952,58855.92214,242.6023952,1.68E+12,1.68E+12
FALSE,20,5,64,629.3137662,396035.8164,629.3137662,117.7630397,13868.13352,117.7630397,1.68E+12,1.68E+12
FALSE,20,5,64,523.2717741,273813.3495,523.2717741,300.5296413,90318.06527,300.5296413,1.68E+12,1.68E+12
FALSE,20,5,64,388.6311491,151034.17,388.6311491,20.86781969,435.4658985,20.86781969,1.68E+12,1.68E+12
FALSE,20,6,16,303.8498991,92324.76116,303.8498991,30.04575453,902.7473654,30.04575453,1.68E+12,1.68E+12
FALSE,20,6,16,283.7649381,80522.54011,283.7649381,5.858054062,34.3167974,5.858054062,1.68E+12,1.68E+12
FALSE,20,6,16,454.9680631,206995.9385,454.9680631,21.20766344,449.7649885,21.20766344,1.68E+12,1.68E+12
FALSE,20,6,16,357.794235,128016.7146,357.794235,123.2918483,15200.87985,123.2918483,1.68E+12,1.68E+12
FALSE,20,6,16,443.9885709,197125.8511,443.9885709,69.86977281,4881.785153,69.86977281,1.68E+12,1.68E+12
FALSE,20,6,32,371.1770475,137772.4006,371.1770475,77.97475328,6080.062149,77.97475328,1.68E+12,1.68E+12
FALSE,20,6,32,566.2815397,320674.7822,566.2815397,218.3873509,47693.03505,218.3873509,1.68E+12,1.68E+12
FALSE,20,6,32,630.8791959,398008.5599,630.8791959,195.0301295,38036.75142,195.0301295,1.68E+12,1.68E+12
FALSE,20,6,32,427.9495084,183140.7818,427.9495084,97.74721422,9554.517888,97.74721422,1.68E+12,1.68E+12
FALSE,20,6,32,497.6829069,247688.2758,497.6829069,18.51772203,342.9060292,18.51772203,1.68E+12,1.68E+12
FALSE,20,6,64,1115.034469,1243301.868,1115.034469,101.0706569,10215.27768,101.0706569,1.68E+12,1.68E+12
FALSE,20,6,64,608.6233366,370422.3658,608.6233366,160.7459498,25839.26039,160.7459498,1.68E+12,1.68E+12
FALSE,20,6,64,919.1565397,844848.7445,919.1565397,140.5687038,19759.56047,140.5687038,1.68E+12,1.68E+12
FALSE,20,6,64,771.2707975,594858.6431,771.2707975,211.8860866,44895.71368,211.8860866,1.68E+12,1.68E+12
FALSE,20,6,64,484.9875944,235212.9667,484.9875944,179.9720241,32389.92945,179.9720241,1.68E+12,1.68E+12
FALSE,20,7,16,192.8928678,37207.65845,192.8928678,29.38364516,863.3986027,29.38364516,1.68E+12,1.68E+12
FALSE,20,7,16,170.7131803,29142.98993,170.7131803,102.8429173,10576.66565,102.8429173,1.68E+12,1.68E+12
FALSE,20,7,16,489.6741178,239780.7417,489.6741178,11.44809828,131.0589543,11.44809828,1.68E+12,1.68E+12
FALSE,20,7,16,22.60185219,510.8437223,22.60185219,175.7239772,30878.91616,175.7239772,1.68E+12,1.68E+12
FALSE,20,7,16,195.4690397,38208.14548,195.4690397,23.32016859,543.8302632,23.32016859,1.68E+12,1.68E+12
FALSE,20,7,32,541.5500944,293276.5047,541.5500944,3.04067125,9.245681651,3.04067125,1.68E+12,1.68E+12
FALSE,20,7,32,87.97978187,7740.442019,87.97978187,108.4342259,11757.98135,108.4342259,1.68E+12,1.68E+12
FALSE,20,7,32,783.9553678,614586.0187,783.9553678,23.60874281,557.3727372,23.60874281,1.68E+12,1.68E+12
FALSE,20,7,32,717.794235,515228.5638,717.794235,50.20884047,2520.927661,50.20884047,1.68E+12,1.68E+12
FALSE,20,7,32,507.6516569,257710.2047,507.6516569,110.2356959,12151.90866,110.2356959,1.68E+12,1.68E+12
FALSE,20,7,64,384.1077116,147538.7341,384.1077116,96.6070775,9332.927423,96.6070775,1.68E+12,1.68E+12
FALSE,20,7,64,519.7307584,270120.0613,519.7307584,22.07505141,487.3078946,22.07505141,1.68E+12,1.68E+12
FALSE,20,7,64,307.3176725,94444.15183,307.3176725,137.7603978,18977.92721,137.7603978,1.68E+12,1.68E+12
FALSE,20,7,64,856.9954069,734441.1274,856.9954069,160.5462428,25775.09608,160.5462428,1.68E+12,1.68E+12
FALSE,20,7,64,555.1731412,308217.2168,555.1731412,21.77944078,474.3440407,21.77944078,1.68E+12,1.68E+12
FALSE,20,8,16,33.17353844,1100.483652,33.17353844,70.99253188,5039.939582,70.99253188,1.68E+12,1.68E+12
FALSE,20,8,16,131.7434537,17356.33761,131.7434537,146.4649877,21451.99261,146.4649877,1.68E+12,1.68E+12
FALSE,20,8,16,311.2248991,96860.9378,311.2248991,17.77944078,316.1085145,17.77944078,1.68E+12,1.68E+12
FALSE,20,8,16,321.6995084,103490.5737,321.6995084,5.196145156,26.99992448,5.196145156,1.68E+12,1.68E+12
FALSE,20,8,16,250.4846647,62742.56724,250.4846647,2.39614,5.7414869,2.39614,1.68E+12,1.68E+12
FALSE,20,8,32,271.3127897,73610.62985,271.3127897,29.15785875,850.1807269,29.15785875,1.68E+12,1.68E+12
FALSE,20,8,32,407.4387662,166006.3482,407.4387662,69.23158922,4793.012946,69.23158922,1.68E+12,1.68E+12
FALSE,20,8,32,511.9495084,262092.2992,511.9495084,23.98989,575.5148222,23.98989,1.68E+12,1.68E+12
FALSE,20,8,32,303.3938444,92047.8248,303.3938444,165.8772975,27515.27783,165.8772975,1.68E+12,1.68E+12
FALSE,20,8,32,274.3069303,75244.29202,274.3069303,3.901022812,15.21797898,3.901022812,1.68E+12,1.68E+12
FALSE,20,8,64,604.1331022,364976.8052,604.1331022,262.9261256,69130.14754,262.9261256,1.68E+12,1.68E+12
FALSE,20,8,64,970.9241178,942693.6425,970.9241178,1.286276719,1.654507797,1.286276719,1.68E+12,1.68E+12
FALSE,20,8,64,575.4856412,331183.7233,575.4856412,18.42055406,339.316812,18.42055406,1.68E+12,1.68E+12
FALSE,20,8,64,588.8323209,346723.5022,588.8323209,31.86850844,1015.60183,31.86850844,1.68E+12,1.68E+12
FALSE,20,8,64,925.5481412,856639.3618,925.5481412,234.8152858,55138.21844,234.8152858,1.68E+12,1.68E+12
FALSE,20,9,16,68.02958656,4628.024648,68.02958656,83.43617906,6961.595977,83.43617906,1.68E+12,1.68E+12
FALSE,20,9,16,57.52958656,3309.65333,57.52958656,3.722800156,13.859241,3.722800156,1.68E+12,1.68E+12
FALSE,20,9,16,279.3870084,78057.10048,279.3870084,132.2972194,17502.55425,132.2972194,1.68E+12,1.68E+12
FALSE,20,9,16,82.69892906,6839.112868,82.69892906,91.36586656,8347.721573,91.36586656,1.68E+12,1.68E+12
FALSE,20,9,16,189.8606412,36047.0631,189.8606412,109.3279811,11952.60745,109.3279811,1.68E+12,1.68E+12
FALSE,20,9,32,528.8469694,279679.117,528.8469694,3.688620469,13.60592096,3.688620469,1.68E+12,1.68E+12
FALSE,20,9,32,476.7151334,227257.3184,476.7151334,49.87925063,2487.939643,49.87925063,1.68E+12,1.68E+12
FALSE,20,9,32,325.3401334,105846.2024,325.3401334,3.011862656,9.07131666,3.011862656,1.68E+12,1.68E+12
FALSE,20,9,32,412.3010709,169992.1731,412.3010709,34.71303453,1204.994766,34.71303453,1.68E+12,1.68E+12
FALSE,20,9,32,527.0237272,277754.009,527.0237272,175.7713405,30895.56413,175.7713405,1.68E+12,1.68E+12
FALSE,20,9,64,528.8694303,279702.8743,528.8694303,19.86216078,394.5054309,19.86216078,1.68E+12,1.68E+12
FALSE,20,9,64,412.4915006,170149.2381,412.4915006,36.31215562,1318.572646,36.31215562,1.68E+12,1.68E+12
FALSE,20,9,64,367.1965787,134833.3274,367.1965787,55.21742906,3048.964472,55.21742906,1.68E+12,1.68E+12
FALSE,20,9,64,785.0872037,616361.9175,785.0872037,65.26401625,4259.391817,65.26401625,1.68E+12,1.68E+12
FALSE,20,9,64,425.5881803,181125.2992,425.5881803,187.2325658,35056.03369,187.2325658,1.68E+12,1.68E+12
FALSE,20,10,16,10.91728187,119.1870435,10.91728187,202.5221166,41015.2077,202.5221166,1.68E+12,1.68E+12
FALSE,20,10,16,98.30595375,9664.060543,98.30595375,96.06089125,9227.694828,96.06089125,1.68E+12,1.68E+12
FALSE,20,10,16,68.47236656,4688.464983,68.47236656,15.67250719,245.6274815,15.67250719,1.68E+12,1.68E+12
FALSE,20,10,16,292.2463834,85407.94863,292.2463834,198.1180202,39250.74991,198.1180202,1.68E+12,1.68E+12
FALSE,20,10,16,103.1750944,10645.1001,103.1750944,9.601906875,92.19661564,9.601906875,1.68E+12,1.68E+12
FALSE,20,10,32,1.204788438,1.451515179,1.204788438,132.2384252,17487.00109,132.2384252,1.68E+12,1.68E+12
FALSE,20,10,32,436.7375944,190739.7263,436.7375944,54.85561266,3009.13824,54.85561266,1.68E+12,1.68E+12
FALSE,20,10,32,271.2512662,73577.24944,271.2512662,94.35776625,8903.388052,94.35776625,1.68E+12,1.68E+12
FALSE,20,10,32,451.1926725,203574.8277,451.1926725,150.2449733,22573.552,150.2449733,1.68E+12,1.68E+12
FALSE,20,10,32,400.1584928,160126.8194,400.1584928,120.1812962,14443.54397,120.1812962,1.68E+12,1.68E+12
FALSE,20,10,64,414.40361,171730.352,414.40361,38.71714125,1499.017027,38.71714125,1.68E+12,1.68E+12
FALSE,20,10,64,925.3332975,856241.7115,925.3332975,291.6097194,85036.22843,291.6097194,1.68E+12,1.68E+12
FALSE,20,10,64,493.6672819,243707.3852,493.6672819,71.31626234,5086.009275,71.31626234,1.68E+12,1.68E+12
FALSE,20,10,64,505.1614225,255188.0628,505.1614225,54.69692125,2991.753194,54.69692125,1.68E+12,1.68E+12
FALSE,20,10,64,570.7063444,325705.7315,570.7063444,120.8553248,14606.00954,120.8553248,1.68E+12,1.68E+12
FALSE,25,5,16,588.9883588,346907.2867,588.9883588,83.58073787,6985.739744,83.58073787,1.68E+12,1.68E+12
FALSE,25,5,16,169.6895306,28794.5368,169.6895306,76.25749569,5815.205649,76.25749569,1.68E+12,1.68E+12
FALSE,25,5,16,118.5362103,14050.83316,118.5362103,47.44450741,2250.981283,47.44450741,1.68E+12,1.68E+12
FALSE,25,5,16,309.47664,95775.79071,309.47664,53.80681209,2895.173028,53.80681209,1.68E+12,1.68E+12
FALSE,25,5,16,46.56648375,2168.437409,46.56648375,117.8771246,13895.0165,117.8771246,1.68E+12,1.68E+12
FALSE,25,5,32,277.9239056,77241.69732,277.9239056,308.1940191,94983.55342,308.1940191,1.68E+12,1.68E+12
FALSE,25,5,32,94.90925719,9007.7671,94.90925719,13.92658634,193.9498072,13.92658634,1.68E+12,1.68E+12
FALSE,25,5,32,184.8848431,34182.40522,184.8848431,89.15007381,7947.735661,89.15007381,1.68E+12,1.68E+12
FALSE,25,5,32,229.6709759,52748.75719,229.6709759,51.53059025,2655.401732,51.53059025,1.68E+12,1.68E+12
FALSE,25,5,32,194.3116009,37756.99826,194.3116009,62.5748785,3915.615419,62.5748785,1.68E+12,1.68E+12
FALSE,25,5,64,544.3622272,296330.2344,544.3622272,102.7921637,10566.22891,102.7921637,1.68E+12,1.68E+12
FALSE,25,5,64,377.4315631,142454.5848,377.4315631,256.8331793,65963.28198,256.8331793,1.68E+12,1.68E+12
FALSE,25,5,64,311.4657428,97010.90895,311.4657428,177.6808355,31570.47932,177.6808355,1.68E+12,1.68E+12
FALSE,25,5,64,406.9649213,165620.4471,406.9649213,85.16472225,7253.029916,85.16472225,1.68E+12,1.68E+12
FALSE,25,5,64,46.79011656,2189.315008,46.79011656,164.7864496,27154.57398,164.7864496,1.68E+12,1.68E+12
FALSE,25,6,16,419.0567181,175608.533,419.0567181,22.83220272,521.309481,22.83220272,1.68E+12,1.68E+12
FALSE,25,6,16,349.8106244,122367.4729,349.8106244,17.77653866,316.0053266,17.77653866,1.68E+12,1.68E+12
FALSE,25,6,16,32.4532025,1053.210353,32.4532025,54.64616756,2986.203629,54.64616756,1.68E+12,1.68E+12
FALSE,25,6,16,296.9190228,88160.90611,296.9190228,16.24040584,263.750782,16.24040584,1.68E+12,1.68E+12
FALSE,25,6,16,6.896561875,47.5625657,6.896561875,214.4620855,45993.98613,214.4620855,1.68E+12,1.68E+12
FALSE,25,6,32,537.8936322,289329.5595,537.8936322,104.3038824,10879.29989,104.3038824,1.68E+12,1.68E+12
FALSE,25,6,32,172.1151569,29623.62723,172.1151569,222.7604254,49622.20711,222.7604254,1.68E+12,1.68E+12
FALSE,25,6,32,297.9053509,88747.59812,297.9053509,26.776684,716.990806,26.776684,1.68E+12,1.68E+12
FALSE,25,6,32,304.9082806,92969.05959,304.9082806,203.3587153,41354.76707,203.3587153,1.68E+12,1.68E+12
FALSE,25,6,32,389.8028119,151946.2321,389.8028119,70.29997616,4942.086648,70.29997616,1.68E+12,1.68E+12
FALSE,25,6,64,30.93269469,956.8316006,30.93269469,75.74577694,5737.422724,75.74577694,1.68E+12,1.68E+12
FALSE,25,6,64,559.3749225,312900.3039,559.3749225,286.317066,81977.46228,286.317066,1.68E+12,1.68E+12
FALSE,25,6,64,423.5341022,179381.1357,423.5341022,1.514476969,2.293640489,1.514476969,1.68E+12,1.68E+12
FALSE,25,6,64,389.10164,151400.0863,389.10164,52.93635197,2802.25736,52.93635197,1.68E+12,1.68E+12
FALSE,25,6,64,105.4434369,11118.31838,105.4434369,53.45671444,2857.620318,53.45671444,1.68E+12,1.68E+12
FALSE,25,7,16,307.2461713,94400.20975,307.2461713,56.33234806,3173.333438,56.33234806,1.68E+12,1.68E+12
FALSE,25,7,16,511.3116009,261439.5533,511.3116009,115.9114496,13435.46415,115.9114496,1.68E+12,1.68E+12
FALSE,25,7,16,242.16414,58643.4707,242.16414,29.41228084,865.0822644,29.41228084,1.68E+12,1.68E+12
FALSE,25,7,16,292.3223431,85452.35229,292.3223431,157.5374262,24818.04065,157.5374262,1.68E+12,1.68E+12
FALSE,25,7,16,285.9092572,81744.10335,285.9092572,166.2550543,27640.74307,166.2550543,1.68E+12,1.68E+12
FALSE,25,7,32,22.49113344,505.8510833,22.49113344,335.4952887,112557.0887,335.4952887,1.68E+12,1.68E+12
FALSE,25,7,32,7.665116563,58.75401192,7.665116563,17.62517147,310.6466693,17.62517147,1.68E+12,1.68E+12
FALSE,25,7,32,546.4639447,298622.8428,546.4639447,3.015453531,9.092959999,3.015453531,1.68E+12,1.68E+12
FALSE,25,7,32,172.5059369,29758.29826,172.5059369,47.91423397,2295.773817,47.91423397,1.68E+12,1.68E+12
FALSE,25,7,32,534.2178509,285388.7123,534.2178509,69.64958553,4851.064765,69.64958553,1.68E+12,1.68E+12
FALSE,25,7,64,603.2051556,363856.4598,603.2051556,114.1746332,13035.84687,114.1746332,1.68E+12,1.68E+12
FALSE,25,7,64,6.268477187,39.29380625,6.268477187,243.8702887,59472.71769,243.8702887,1.68E+12,1.68E+12
FALSE,25,7,64,19.82917906,393.1963423,19.82917906,67.11589412,4504.543244,67.11589412,1.68E+12,1.68E+12
FALSE,25,7,64,125.9042194,15851.87246,125.9042194,206.0265387,42446.93463,206.0265387,1.68E+12,1.68E+12
FALSE,25,7,64,359.2383588,129052.1984,359.2383588,96.26481991,9266.915552,96.26481991,1.68E+12,1.68E+12
FALSE,25,8,16,309.6221478,95865.87442,309.6221478,108.4573481,11762.99635,108.4573481,1.68E+12,1.68E+12
FALSE,25,8,16,299.2432416,89546.51762,299.2432416,189.2096441,35800.28943,189.2096441,1.68E+12,1.68E+12
FALSE,25,8,16,607.0791791,368545.1297,607.0791791,16.49250431,272.0026985,16.49250431,1.68E+12,1.68E+12
FALSE,25,8,16,22.70124938,515.3467232,22.70124938,140.2726324,19676.4114,140.2726324,1.68E+12,1.68E+12
FALSE,25,8,16,79.5467975,6327.692993,79.5467975,139.7916754,19541.7125,139.7916754,1.68E+12,1.68E+12
FALSE,25,8,32,127.2518756,16193.03985,127.2518756,74.43913631,5541.185015,74.43913631,1.68E+12,1.68E+12
FALSE,25,8,32,351.8975384,123831.8776,351.8975384,8.738452719,76.36055592,8.738452719,1.68E+12,1.68E+12
FALSE,25,8,32,317.1612103,100591.2333,317.1612103,180.5822027,32609.93194,180.5822027,1.68E+12,1.68E+12
FALSE,25,8,32,98.3594525,9674.581896,98.3594525,92.87468319,8625.706777,92.87468319,1.68E+12,1.68E+12
FALSE,25,8,32,499.7627728,249762.8291,499.7627728,107.1214106,11474.9966,107.1214106,1.68E+12,1.68E+12
FALSE,25,8,64,454.5528119,206618.2588,454.5528119,0.381030844,0.145184504,0.381030844,1.68E+12,1.68E+12
FALSE,25,8,64,571.9785931,327159.511,571.9785931,155.6168707,24216.61044,155.6168707,1.68E+12,1.68E+12
FALSE,25,8,64,485.0567181,235280.0198,485.0567181,118.8126715,14116.4509,118.8126715,1.68E+12,1.68E+12
FALSE,25,8,64,270.1758588,72994.99465,270.1758588,21.62873478,467.8021682,21.62873478,1.68E+12,1.68E+12
FALSE,25,8,64,113.3592975,12850.33033,113.3592975,98.94597225,9790.305424,98.94597225,1.68E+12,1.68E+12
FALSE,25,9,16,472.0528119,222833.8572,472.0528119,133.542309,17833.54829,133.542309,1.68E+12,1.68E+12
FALSE,25,9,16,352.0811322,123961.1236,352.0811322,48.09504338,2313.133197,48.09504338,1.68E+12,1.68E+12
FALSE,25,9,16,457.5713666,209371.5555,457.5713666,62.72443791,3934.355111,62.72443791,1.68E+12,1.68E+12
FALSE,25,9,16,524.0117963,274588.3626,524.0117963,9.751781656,95.09724547,9.751781656,1.68E+12,1.68E+12
FALSE,25,9,16,308.1190631,94937.35706,308.1190631,13.42023869,180.1028064,13.42023869,1.68E+12,1.68E+12
FALSE,25,9,32,260.6436322,67935.103,260.6436322,20.12092228,404.8515134,20.12092228,1.68E+12,1.68E+12
FALSE,25,9,32,330.1436322,108994.8179,330.1436322,138.520191,19187.84331,138.520191,1.68E+12,1.68E+12
FALSE,25,9,32,277.3682416,76933.14143,277.3682416,88.43327694,7820.44447,88.43327694,1.68E+12,1.68E+12
FALSE,25,9,32,10.37605406,107.6624979,10.37605406,11.44548397,130.9991033,11.44548397,1.68E+12,1.68E+12
FALSE,25,9,32,586.3526166,343809.3909,586.3526166,75.97150822,5771.670061,75.97150822,1.68E+12,1.68E+12
FALSE,25,9,64,421.2129681,177420.3645,421.2129681,42.07146053,1770.007791,42.07146053,1.68E+12,1.68E+12
FALSE,25,9,64,493.2041791,243250.3622,493.2041791,152.3776129,23218.93691,152.3776129,1.68E+12,1.68E+12
FALSE,25,9,64,395.9502728,156776.6185,395.9502728,44.07648869,1942.736855,44.07648869,1.68E+12,1.68E+12
FALSE,25,9,64,402.0782025,161666.8809,402.0782025,89.13786678,7945.559294,89.13786678,1.68E+12,1.68E+12
FALSE,25,9,64,230.6465619,53197.8365,230.6465619,87.54509334,7664.143369,87.54509334,1.68E+12,1.68E+12
FALSE,25,10,16,270.4658978,73151.80188,270.4658978,96.29768009,9273.243191,96.29768009,1.68E+12,1.68E+12
FALSE,25,10,16,444.8682416,197907.7524,444.8682416,113.5665777,12897.36757,113.5665777,1.68E+12,1.68E+12
FALSE,25,10,16,232.6094525,54107.15739,232.6094525,96.23649959,9261.463854,96.23649959,1.68E+12,1.68E+12
FALSE,25,10,16,513.2373822,263412.6105,513.2373822,2.980640219,8.884216114,2.980640219,1.68E+12,1.68E+12
FALSE,25,10,16,537.7949994,289223.4614,537.7949994,72.95622616,5322.610935,72.95622616,1.68E+12,1.68E+12
FALSE,25,10,32,345.6074994,119444.5436,345.6074994,97.97282772,9598.674971,97.97282772,1.68E+12,1.68E+12
FALSE,25,10,32,5.62882875,31.6837131,5.62882875,91.86735897,8439.611644,91.86735897,1.68E+12,1.68E+12
FALSE,25,10,32,512.7295697,262891.6116,512.7295697,19.86735897,394.7119524,19.86735897,1.68E+12,1.68E+12
FALSE,25,10,32,376.9317181,142077.5201,376.9317181,57.70036678,3329.332327,57.70036678,1.68E+12,1.68E+12
FALSE,25,10,32,60.21183656,3625.465262,60.21183656,156.8961676,24616.4074,156.8961676,1.68E+12,1.68E+12
FALSE,25,10,64,423.6270306,179459.8611,423.6270306,132.3937262,17528.09873,132.3937262,1.68E+12,1.68E+12
FALSE,25,10,64,272.2832806,74138.18491,272.2832806,179.0773199,32068.6865,179.0773199,1.68E+12,1.68E+12
FALSE,25,10,64,195.7412884,38314.652,195.7412884,18.68684025,349.1979985,18.68684025,1.68E+12,1.68E+12
FALSE,25,10,64,248.117265,61562.17719,248.117265,103.4513433,10702.18044,103.4513433,1.68E+12,1.68E+12
FALSE,25,10,64,349.6162884,122231.5491,349.6162884,77.83674259,6058.558498,77.83674259,1.68E+12,1.68E+12
TRUE,5,5,16,1295.509683,1678345.338,1295.509683,69.70801813,4859.207791,69.70801813,1.68E+12,1.68E+12
TRUE,5,5,16,687.3718655,472480.0815,687.3718655,157.081065,24674.46098,157.081065,1.68E+12,1.68E+12
TRUE,5,5,16,469.5864651,220511.4482,469.5864651,88.63624078,7856.38318,88.63624078,1.68E+12,1.68E+12
TRUE,5,5,16,1225.816201,1502625.36,1225.816201,60.52198297,3662.910422,60.52198297,1.68E+12,1.68E+12
TRUE,5,5,16,1797.107827,3229596.543,1797.107827,187.9096577,35310.03944,187.9096577,1.68E+12,1.68E+12
TRUE,5,5,32,898.1599514,806691.2983,898.1599514,73.33399469,5377.874777,73.33399469,1.68E+12,1.68E+12
TRUE,5,5,32,1332.01127,1774254.023,1332.01127,58.61229437,3435.401052,58.61229437,1.68E+12,1.68E+12
TRUE,5,5,32,699.8249905,489755.0173,699.8249905,140.1699322,19647.60989,140.1699322,1.68E+12,1.68E+12
TRUE,5,5,32,1482.834024,2198796.742,1482.834024,254.1259869,64580.01721,254.1259869,1.68E+12,1.68E+12
TRUE,5,5,32,834.0261624,695599.6395,834.0261624,287.9409283,82909.97818,287.9409283,1.68E+12,1.68E+12
TRUE,5,5,64,1062.176309,1128218.511,1062.176309,32.98680609,1088.129376,32.98680609,1.68E+12,1.68E+12
TRUE,5,5,64,451.2886135,203661.4127,451.2886135,59.37452203,3525.333866,59.37452203,1.68E+12,1.68E+12
TRUE,5,5,64,969.8511135,940611.1824,969.8511135,288.6484478,83317.92642,288.6484478,1.68E+12,1.68E+12
TRUE,5,5,64,1236.495889,1528922.083,1236.495889,192.7109478,37137.50941,192.7109478,1.68E+12,1.68E+12
TRUE,5,5,64,484.5100491,234749.9877,484.5100491,190.577647,36319.83955,190.577647,1.68E+12,1.68E+12
TRUE,5,6,16,145.7289646,21236.93112,145.7289646,17.43163031,303.8617354,17.43163031,1.68E+12,1.68E+12
TRUE,5,6,16,1397.394326,1952710.904,1397.394326,239.8071392,57507.46402,239.8071392,1.68E+12,1.68E+12
TRUE,5,6,16,542.1243069,293898.7641,542.1243069,176.4868267,31147.60001,176.4868267,1.68E+12,1.68E+12
TRUE,5,6,16,1059.360879,1122245.472,1059.360879,59.94725531,3593.67342,59.94725531,1.68E+12,1.68E+12
TRUE,5,6,16,119.1754978,14202.79928,119.1754978,234.9487202,55200.9011,234.9487202,1.68E+12,1.68E+12
TRUE,5,6,32,330.3176663,109109.7606,330.3176663,115.0283306,13231.51685,115.0283306,1.68E+12,1.68E+12
TRUE,5,6,32,598.0212795,357629.4508,598.0212795,126.5927838,16025.7329,126.5927838,1.68E+12,1.68E+12
TRUE,5,6,32,268.4416111,72060.89856,268.4416111,16.96971625,287.9712696,16.96971625,1.68E+12,1.68E+12
TRUE,5,6,32,402.9602444,162376.9586,402.9602444,22.36327094,500.115887,22.36327094,1.68E+12,1.68E+12
TRUE,5,6,32,364.9490139,133187.7828,364.9490139,199.6303814,39852.28918,199.6303814,1.68E+12,1.68E+12
TRUE,5,6,64,690.8210842,477233.7704,690.8210842,12.89649469,166.3195752,12.89649469,1.68E+12,1.68E+12
TRUE,5,6,64,723.5769436,523563.5933,723.5769436,300.0468853,90028.13339,300.0468853,1.68E+12,1.68E+12
TRUE,5,6,64,1052.619912,1108008.68,1052.619912,257.1274517,66114.52643,257.1274517,1.68E+12,1.68E+12
TRUE,5,6,64,518.6973049,269046.8941,518.6973049,118.6025287,14066.55983,118.6025287,1.68E+12,1.68E+12
TRUE,5,6,64,908.8481838,826005.0213,908.8481838,247.1601666,61088.14794,247.1601666,1.68E+12,1.68E+12
TRUE,5,7,16,1599.214761,2557487.852,1599.214761,37.86768609,1433.96165,37.86768609,1.68E+12,1.68E+12
TRUE,5,7,16,202.2937405,40922.75744,202.2937405,2.846669375,8.103526531,2.846669375,1.68E+12,1.68E+12
TRUE,5,7,16,308.5871189,95226.00995,308.5871189,64.91163141,4213.519892,64.91163141,1.68E+12,1.68E+12
TRUE,5,7,16,642.6994236,413062.5491,642.6994236,259.1342877,67150.57904,259.1342877,1.68E+12,1.68E+12
TRUE,5,7,16,764.2589939,584091.8097,764.2589939,49.53270453,2453.488818,49.53270453,1.68E+12,1.68E+12
TRUE,5,7,32,283.1721585,80186.47132,283.1721585,10.03760797,100.7535737,10.03760797,1.68E+12,1.68E+12
TRUE,5,7,32,1045.20585,1092455.269,1045.20585,101.7539166,10353.85954,101.7539166,1.68E+12,1.68E+12
TRUE,5,7,32,1599.714761,2559087.317,1599.714761,206.228017,42529.99501,206.228017,1.68E+12,1.68E+12
TRUE,5,7,32,500.7389744,250739.5204,500.7389744,42.10499078,1772.830249,42.10499078,1.68E+12,1.68E+12
TRUE,5,7,32,272.5740139,74296.59307,272.5740139,364.4043072,132790.4991,364.4043072,1.68E+12,1.68E+12
TRUE,5,7,64,1414.302896,2000252.681,1414.302896,433.9375103,188301.7629,433.9375103,1.68E+12,1.68E+12
TRUE,5,7,64,348.4807522,121438.8347,348.4807522,293.7158306,86268.98916,293.7158306,1.68E+12,1.68E+12
TRUE,5,7,64,481.7100003,232044.5243,481.7100003,219.1049908,48006.99699,219.1049908,1.68E+12,1.68E+12
TRUE,5,7,64,221.5575779,49087.76031,221.5575779,151.9497173,23088.7166,151.9497173,1.68E+12,1.68E+12
TRUE,5,7,64,932.693887,869917.8868,932.693887,89.51465875,8012.874131,89.51465875,1.68E+12,1.68E+12
TRUE,5,8,16,975.9663479,952510.3122,975.9663479,38.30567438,1467.324689,38.30567438,1.68E+12,1.68E+12
TRUE,5,8,16,438.2534573,192066.0928,438.2534573,156.4731548,24483.84819,156.4731548,1.68E+12,1.68E+12
TRUE,5,8,16,335.2324612,112380.803,335.2324612,3.700185,13.69136903,3.700185,1.68E+12,1.68E+12
TRUE,5,8,16,112.1847751,12585.42377,112.1847751,142.9790142,20442.99851,142.9790142,1.68E+12,1.68E+12
TRUE,5,8,16,1006.58793,1013219.261,1006.58793,250.1035053,62551.76337,250.1035053,1.68E+12,1.68E+12
TRUE,5,8,32,1102.491983,1215488.572,1102.491983,78.64112359,6184.42632,78.64112359,1.68E+12,1.68E+12
TRUE,5,8,32,939.1493747,882001.5481,939.1493747,161.6816303,26140.94958,161.6816303,1.68E+12,1.68E+12
TRUE,5,8,32,1363.005532,1857784.082,1363.005532,112.0014752,12544.33044,112.0014752,1.68E+12,1.68E+12
TRUE,5,8,32,1325.568887,1757132.874,1325.568887,17.02831,289.9633415,17.02831,1.68E+12,1.68E+12
TRUE,5,8,32,1312.449502,1722523.696,1312.449502,57.1767475,3269.180455,57.1767475,1.68E+12,1.68E+12
TRUE,5,8,64,1360.087075,1849836.853,1360.087075,5.713389219,32.64281636,5.713389219,1.68E+12,1.68E+12
TRUE,5,8,64,1229.095987,1510676.944,1229.095987,82.71534234,6841.827859,82.71534234,1.68E+12,1.68E+12
TRUE,5,8,64,1633.16813,2667238.141,1633.16813,178.5732319,31888.39914,178.5732319,1.68E+12,1.68E+12
TRUE,5,8,64,1254.489053,1573742.784,1254.489053,297.8857525,88735.92154,297.8857525,1.68E+12,1.68E+12
TRUE,5,8,64,72.51558569,5258.510168,72.51558569,66.59618109,4435.051336,66.59618109,1.68E+12,1.68E+12
TRUE,5,9,16,315.8048923,99732.73002,315.8048923,148.8286236,22149.9592,148.8286236,1.68E+12,1.68E+12
TRUE,5,9,16,683.7180569,467470.3813,683.7180569,152.3994037,23225.57826,152.3994037,1.68E+12,1.68E+12
TRUE,5,9,16,308.6951077,95292.6695,308.6951077,94.11522406,8857.6754,94.11522406,1.68E+12,1.68E+12
TRUE,5,9,16,982.1311428,964581.5817,982.1311428,130.8515728,17122.13411,130.8515728,1.68E+12,1.68E+12
TRUE,5,9,16,726.7788479,528207.4938,726.7788479,75.56153375,5709.545383,75.56153375,1.68E+12,1.68E+12
TRUE,5,9,32,62.03023412,3847.749946,62.03023412,15.70116156,246.5264744,15.70116156,1.68E+12,1.68E+12
TRUE,5,9,32,68.70699194,4720.650741,68.70699194,12.38182562,153.3096058,12.38182562,1.68E+12,1.68E+12
TRUE,5,9,32,96.57352564,9326.445855,96.57352564,41.53809625,1725.41344,41.53809625,1.68E+12,1.68E+12
TRUE,5,9,32,171.6117771,29450.60204,171.6117771,65.32178766,4266.935943,65.32178766,1.68E+12,1.68E+12
TRUE,5,9,32,143.8213284,20684.5745,143.8213284,275.0727642,75665.02561,275.0727642,1.68E+12,1.68E+12
TRUE,5,9,64,604.1672756,365018.097,604.1672756,276.1220806,76243.40341,276.1220806,1.68E+12,1.68E+12
TRUE,5,9,64,103.2056057,10651.39705,103.2056057,112.625478,12684.49829,112.625478,1.68E+12,1.68E+12
TRUE,5,9,64,232.1227634,53880.9773,232.1227634,77.53028375,6010.944898,77.53028375,1.68E+12,1.68E+12
TRUE,5,9,64,645.0779202,416125.5231,645.0779202,252.0752056,63541.90929,252.0752056,1.68E+12,1.68E+12
TRUE,5,9,64,460.4160549,211982.9436,460.4160549,400.021983,160017.5869,400.021983,1.68E+12,1.68E+12
TRUE,5,10,16,127.1350491,16163.3207,127.1350491,40.95997125,1677.719245,40.95997125,1.68E+12,1.68E+12
TRUE,5,10,16,556.1645901,309319.0513,556.1645901,42.86229437,1837.176279,42.86229437,1.68E+12,1.68E+12
TRUE,5,10,16,216.8196194,47010.74735,216.8196194,104.3545025,10889.86219,104.3545025,1.68E+12,1.68E+12
TRUE,5,10,16,11.93216822,142.3766384,11.93216822,35.19286078,1238.53745,35.19286078,1.68E+12,1.68E+12
TRUE,5,10,16,21.03536108,442.4864157,21.03536108,111.4296978,12416.57755,111.4296978,1.68E+12,1.68E+12
TRUE,5,10,32,1110.537149,1233292.759,1110.537149,110.3281147,12172.29289,110.3281147,1.68E+12,1.68E+12
TRUE,5,10,32,902.1387112,813854.2542,902.1387112,199.678233,39871.39672,199.678233,1.68E+12,1.68E+12
TRUE,5,10,32,982.9253323,966142.2088,982.9253323,73.60594672,5417.835392,73.60594672,1.68E+12,1.68E+12
TRUE,5,10,32,945.1167385,893245.6495,945.1167385,144.6386822,20920.34838,144.6386822,1.68E+12,1.68E+12
TRUE,5,10,32,459.952676,211556.4642,459.952676,86.18065375,7427.105081,86.18065375,1.68E+12,1.68E+12
TRUE,5,10,64,1547.01481,2393254.822,1547.01481,371.9409283,138340.0541,371.9409283,1.68E+12,1.68E+12
TRUE,5,10,64,1074.703897,1154988.466,1074.703897,102.3652447,10478.64332,102.3652447,1.68E+12,1.68E+12
TRUE,5,10,64,1578.040445,2490211.645,1578.040445,217.6684673,47379.56168,217.6684673,1.68E+12,1.68E+12
TRUE,5,10,64,744.5583103,554367.0774,744.5583103,86.46434516,7476.082983,86.46434516,1.68E+12,1.68E+12
TRUE,5,10,64,205.7582615,42336.46216,205.7582615,42.32667047,1791.547033,42.32667047,1.68E+12,1.68E+12
TRUE,10,5,16,369.2842925,136370.8887,369.2842925,57.47490825,3303.365078,57.47490825,1.68E+12,1.68E+12
TRUE,10,5,16,412.7794097,170386.841,412.7794097,175.7780214,30897.91282,175.7780214,1.68E+12,1.68E+12
TRUE,10,5,16,390.9864409,152870.397,390.9864409,165.9088808,27525.75673,165.9088808,1.68E+12,1.68E+12
TRUE,10,5,16,749.0753081,561113.8172,749.0753081,12.38408794,153.365634,12.38408794,1.68E+12,1.68E+12
TRUE,10,5,16,725.6646636,526589.2039,725.6646636,379.6881777,144163.1123,379.6881777,1.68E+12,1.68E+12
TRUE,10,5,32,1584.382437,2510267.707,1584.382437,276.0680605,76213.57403,276.0680605,1.68E+12,1.68E+12
TRUE,10,5,32,2531.639761,6409199.881,2531.639761,173.9822325,30269.81721,173.9822325,1.68E+12,1.68E+12
TRUE,10,5,32,1465.431265,2147488.793,1465.431265,186.7258848,34866.55606,186.7258848,1.68E+12,1.68E+12
TRUE,10,5,32,1025.447378,1051542.326,1025.447378,167.4041075,28024.1352,167.4041075,1.68E+12,1.68E+12
TRUE,10,5,32,2011.501578,4046138.597,2011.501578,139.2013613,19377.01898,139.2013613,1.68E+12,1.68E+12
TRUE,10,5,64,3395.653921,11530465.55,3395.653921,170.4885801,29066.35595,170.4885801,1.68E+12,1.68E+12
TRUE,10,5,64,3708.611441,13753798.82,3708.611441,539.5187441,291080.4752,539.5187441,1.68E+12,1.68E+12
TRUE,10,5,64,2862.491324,8193856.578,2862.491324,173.0510801,29946.67633,173.0510801,1.68E+12,1.68E+12
TRUE,10,5,64,1872.130484,3504872.549,1872.130484,70.35077534,4949.231591,70.35077534,1.68E+12,1.68E+12
TRUE,10,5,64,3243.666128,10521369.95,3243.666128,187.6491152,35212.19043,187.6491152,1.68E+12,1.68E+12
TRUE,10,6,16,101.8516753,10373.76376,101.8516753,16.95380269,287.4314256,16.95380269,1.68E+12,1.68E+12
TRUE,10,6,16,377.5342925,142532.142,377.5342925,17.89716206,320.3084099,17.89716206,1.68E+12,1.68E+12
TRUE,10,6,16,342.9473784,117612.9044,342.9473784,92.02460347,8468.527644,92.02460347,1.68E+12,1.68E+12
TRUE,10,6,16,364.2706206,132693.085,364.2706206,63.55145894,4038.787933,63.55145894,1.68E+12,1.68E+12
TRUE,10,6,16,104.7471831,10971.97237,104.7471831,115.9885801,13453.35072,115.9885801,1.68E+12,1.68E+12
TRUE,10,6,32,655.0425933,429080.799,655.0425933,130.9666075,17152.25227,130.9666075,1.68E+12,1.68E+12
TRUE,10,6,32,941.0455229,885566.6762,941.0455229,329.5353457,108593.544,329.5353457,1.68E+12,1.68E+12
TRUE,10,6,32,1196.386343,1431340.282,1196.386343,149.1594786,22248.55005,149.1594786,1.68E+12,1.68E+12
TRUE,10,6,32,1113.383902,1239623.713,1113.383902,53.19989644,2830.228981,53.19989644,1.68E+12,1.68E+12
TRUE,10,6,32,283.7759917,80528.81346,283.7759917,360.5622011,130005.1009,360.5622011,1.68E+12,1.68E+12
TRUE,10,6,64,728.4478667,530636.2945,728.4478667,370.8049864,137496.3379,370.8049864,1.68E+12,1.68E+12
TRUE,10,6,64,2408.88439,5802724.005,2408.88439,100.3684629,10073.82835,100.3684629,1.68E+12,1.68E+12
TRUE,10,6,64,2546.947378,6486940.948,2546.947378,430.6017519,185417.8687,430.6017519,1.68E+12,1.68E+12
TRUE,10,6,64,2331.479117,5435794.872,2331.479117,389.2741152,151534.3368,389.2741152,1.68E+12,1.68E+12
TRUE,10,6,64,3119.781363,9733035.752,3119.781363,106.9137636,11430.55285,106.9137636,1.68E+12,1.68E+12
TRUE,10,7,16,151.3965972,22920.92963,151.3965972,57.54277934,3311.171455,57.54277934,1.68E+12,1.68E+12
TRUE,10,7,16,17.67420362,312.3774738,17.67420362,94.89043559,9004.194767,94.89043559,1.68E+12,1.68E+12
TRUE,10,7,16,242.4351714,58774.81232,242.4351714,41.69365825,1738.361138,41.69365825,1.68E+12,1.68E+12
TRUE,10,7,16,271.4610503,73691.10182,271.4610503,20.89276753,436.5077351,20.89276753,1.68E+12,1.68E+12
TRUE,10,7,16,103.5911958,10731.13585,103.5911958,125.0197207,15629.93055,125.0197207,1.68E+12,1.68E+12
TRUE,10,7,32,1626.489859,2645469.261,1626.489859,359.8952089,129524.5614,359.8952089,1.68E+12,1.68E+12
TRUE,10,7,32,819.7442534,671980.641,819.7442534,250.528998,62764.77884,250.528998,1.68E+12,1.68E+12
TRUE,10,7,32,799.6002104,639360.4965,799.6002104,459.391791,211040.8176,459.391791,1.68E+12,1.68E+12
TRUE,10,7,32,710.569937,504909.6354,710.569937,85.73065816,7349.745748,85.73065816,1.68E+12,1.68E+12
TRUE,10,7,32,521.5284331,271991.9065,521.5284331,3.593451125,12.91289099,3.593451125,1.68E+12,1.68E+12
TRUE,10,7,64,2421.821402,5865218.902,2421.821402,172.8483339,29876.54654,172.8483339,1.68E+12,1.68E+12
TRUE,10,7,64,2155.530386,4646311.246,2155.530386,233.9835878,54748.31938,233.9835878,1.68E+12,1.68E+12
TRUE,10,7,64,3108.801871,9664649.071,3108.801871,17.72040425,314.0127268,17.72040425,1.68E+12,1.68E+12
TRUE,10,7,64,3077.232046,9469357.067,3077.232046,20.26972066,410.8615755,20.26972066,1.68E+12,1.68E+12
TRUE,10,7,64,1486.05773,2208367.577,1486.05773,131.0519472,17174.61287,131.0519472,1.68E+12,1.68E+12
TRUE,10,8,16,139.4583833,19448.64068,139.4583833,162.3942324,26371.88671,162.3942324,1.68E+12,1.68E+12
TRUE,10,8,16,100.9019683,10181.2072,100.9019683,115.6740175,13380.47833,115.6740175,1.68E+12,1.68E+12
TRUE,10,8,16,26.25623487,689.3898698,26.25623487,118.6705996,14082.7112,118.6705996,1.68E+12,1.68E+12
TRUE,10,8,16,351.6744292,123674.9041,351.6744292,123.6286074,15284.03256,123.6286074,1.68E+12,1.68E+12
TRUE,10,8,16,217.9239409,47490.84402,217.9239409,176.4962832,31150.93797,176.4962832,1.68E+12,1.68E+12
TRUE,10,8,32,259.8756011,67535.32803,259.8756011,206.2107481,42522.87263,206.2107481,1.68E+12,1.68E+12
TRUE,10,8,32,443.3726714,196579.3257,443.3726714,231.3019472,53500.59079,231.3019472,1.68E+12,1.68E+12
TRUE,10,8,32,504.5948393,254615.9519,504.5948393,247.2291933,61122.27403,247.2291933,1.68E+12,1.68E+12
TRUE,10,8,32,171.2315581,29320.24649,171.2315581,31.75420513,1008.329543,31.75420513,1.68E+12,1.68E+12
TRUE,10,8,32,741.8516753,550343.9081,741.8516753,235.4606386,55441.71234,235.4606386,1.68E+12,1.68E+12
TRUE,10,8,64,1331.461539,1772789.829,1331.461539,62.528998,3909.875591,62.528998,1.68E+12,1.68E+12
TRUE,10,8,64,2488.885855,6194552.799,2488.885855,121.7955996,14834.16807,121.7955996,1.68E+12,1.68E+12
TRUE,10,8,64,1884.467398,3551217.374,1884.467398,551.9997011,304703.67,551.9997011,1.68E+12,1.68E+12
TRUE,10,8,64,1884.408316,3550994.701,1884.408316,367.080377,134748.0032,367.080377,1.68E+12,1.68E+12
TRUE,10,8,64,625.0084136,390635.517,625.0084136,68.888373,4745.607935,68.888373,1.68E+12,1.68E+12
TRUE,10,9,16,393.9507964,155197.23,393.9507964,117.6271425,13836.14466,117.6271425,1.68E+12,1.68E+12
TRUE,10,9,16,40.19396044,1615.554456,40.19396044,61.74188862,3812.060811,61.74188862,1.68E+12,1.68E+12
TRUE,10,9,16,166.198355,27621.89319,166.198355,215.1159121,46274.85562,215.1159121,1.68E+12,1.68E+12
TRUE,10,9,16,57.06114794,3255.974604,57.06114794,8.608587844,74.10778466,8.608587844,1.68E+12,1.68E+12
TRUE,10,9,16,536.1124175,287416.5242,536.1124175,432.6300722,187168.7794,432.6300722,1.68E+12,1.68E+12
TRUE,10,9,32,421.8126128,177925.8803,421.8126128,217.8331972,47451.30181,217.8331972,1.68E+12,1.68E+12
TRUE,10,9,32,255.7501128,65408.12019,255.7501128,41.45000591,1718.10299,41.45000591,1.68E+12,1.68E+12
TRUE,10,9,32,392.7076323,154219.2845,392.7076323,262.6769472,68999.1786,262.6769472,1.68E+12,1.68E+12
TRUE,10,9,32,388.6236479,151028.3397,388.6236479,120.6100527,14546.78481,120.6100527,1.68E+12,1.68E+12
TRUE,10,9,32,5.136831531,26.38703818,5.136831531,201.2985292,40521.09788,201.2985292,1.68E+12,1.68E+12
TRUE,10,9,64,754.2003081,568818.1047,754.2003081,31.74823628,1007.950507,31.74823628,1.68E+12,1.68E+12
TRUE,10,9,64,1586.141714,2515845.538,1586.141714,322.0934511,103744.1913,322.0934511,1.68E+12,1.68E+12
TRUE,10,9,64,1313.775503,1726006.073,1313.775503,228.8971621,52393.9108,228.8971621,1.68E+12,1.68E+12
TRUE,10,9,64,953.4590972,909084.25,953.4590972,43.15020122,1861.939865,43.15020122,1.68E+12,1.68E+12
TRUE,10,9,64,1171.555777,1372542.938,1171.555777,225.4357363,50821.27119,225.4357363,1.68E+12,1.68E+12
TRUE,10,10,16,132.2972505,17502.56249,132.2972505,238.7551817,57004.03678,238.7551817,1.68E+12,1.68E+12
TRUE,10,10,16,114.7271636,13162.32206,114.7271636,7.063177687,49.88847905,7.063177687,1.68E+12,1.68E+12
TRUE,10,10,16,117.9024565,13900.98926,117.9024565,160.9469667,25903.92611,160.9469667,1.68E+12,1.68E+12
TRUE,10,10,16,116.1373198,13487.87705,116.1373198,12.74590434,162.4580775,12.74590434,1.68E+12,1.68E+12
TRUE,10,10,16,287.3257964,82556.11326,287.3257964,240.3634707,57774.59803,240.3634707,1.68E+12,1.68E+12
TRUE,10,10,32,282.74523,79944.86507,282.74523,159.016791,25286.33981,159.016791,1.68E+12,1.68E+12
TRUE,10,10,32,115.2777192,13288.95256,115.2777192,41.91815816,1757.131983,41.91815816,1.68E+12,1.68E+12
TRUE,10,10,32,30.89978956,954.796995,30.89978956,52.95684184,2804.427098,52.95684184,1.68E+12,1.68E+12
TRUE,10,10,32,35.78260206,1280.39461,35.78260206,57.17987691,3269.538323,57.17987691,1.68E+12,1.68E+12
TRUE,10,10,32,251.6236479,63314.4602,251.6236479,224.8615175,50562.70207,224.8615175,1.68E+12,1.68E+12
TRUE,10,10,64,1647.915152,2715624.348,1647.915152,55.16387309,3043.052895,55.16387309,1.68E+12,1.68E+12
TRUE,10,10,64,1307.77648,1710279.322,1307.77648,49.78106059,2478.153994,49.78106059,1.68E+12,1.68E+12
TRUE,10,10,64,1289.10607,1661794.459,1289.10607,236.4938417,55929.33719,236.4938417,1.68E+12,1.68E+12
TRUE,10,10,64,363.5142729,132142.6266,363.5142729,64.00615825,4096.788294,64.00615825,1.68E+12,1.68E+12
TRUE,10,10,64,1643.800406,2702079.774,1643.800406,177.1443418,31380.11785,177.1443418,1.68E+12,1.68E+12
TRUE,15,5,16,103.1043116,10630.49906,103.1043116,130.1134006,16929.49701,130.1134006,1.68E+12,1.68E+12
TRUE,15,5,16,478.4060694,228872.3672,478.4060694,74.80627169,5595.978284,74.80627169,1.68E+12,1.68E+12
TRUE,15,5,16,449.1541162,201739.4201,449.1541162,99.4517795,9890.656446,99.4517795,1.68E+12,1.68E+12
TRUE,15,5,16,476.3679834,226926.4556,476.3679834,166.5614041,27742.70133,166.5614041,1.68E+12,1.68E+12
TRUE,15,5,16,592.9187647,351552.6615,592.9187647,89.57092013,8022.949732,89.57092013,1.68E+12,1.68E+12
TRUE,15,5,32,487.0164209,237184.9943,487.0164209,56.99597441,3248.541099,56.99597441,1.68E+12,1.68E+12
TRUE,15,5,32,20.43243656,417.4844639,20.43243656,628.3109158,394774.6069,628.3109158,1.68E+12,1.68E+12
TRUE,15,5,32,64.50372562,4160.73062,64.50372562,572.7576932,328051.3751,572.7576932,1.68E+12,1.68E+12
TRUE,15,5,32,171.7625147,29502.36145,171.7625147,19.40613066,376.597907,19.40613066,1.68E+12,1.68E+12
TRUE,15,5,32,186.4265772,34754.86868,186.4265772,80.51159941,6482.117639,80.51159941,1.68E+12,1.68E+12
TRUE,15,5,64,964.2452978,929768.9944,964.2452978,106.9246853,11432.88834,106.9246853,1.68E+12,1.68E+12
TRUE,15,5,64,436.3546728,190405.4005,436.3546728,87.81970487,7712.300564,87.81970487,1.68E+12,1.68E+12
TRUE,15,5,64,977.56854,955640.2504,977.56854,349.6312283,122241.9958,349.6312283,1.68E+12,1.68E+12
TRUE,15,5,64,2175.350278,4732148.833,2175.350278,608.9964627,370876.6916,608.9964627,1.68E+12,1.68E+12
TRUE,15,5,64,1508.990415,2277052.073,1508.990415,200.4505642,40180.42871,200.4505642,1.68E+12,1.68E+12
TRUE,15,6,16,8.816225625,77.72583427,8.816225625,87.03406034,7574.92766,87.03406034,1.68E+12,1.68E+12
TRUE,15,6,16,566.1541162,320530.4833,566.1541162,210.8507053,44458.01992,210.8507053,1.68E+12,1.68E+12
TRUE,15,6,16,155.5154444,24185.05344,155.5154444,79.58288847,6333.436137,79.58288847,1.68E+12,1.68E+12
TRUE,15,6,16,107.5369287,11564.19104,107.5369287,63.09216581,3980.621387,63.09216581,1.68E+12,1.68E+12
TRUE,15,6,16,264.4617334,69940.00845,264.4617334,81.37097441,6621.235476,81.37097441,1.68E+12,1.68E+12
TRUE,15,6,32,96.83282719,9376.596421,96.83282719,178.9940213,32038.85965,178.9940213,1.68E+12,1.68E+12
TRUE,15,6,32,118.0027491,13924.64879,118.0027491,119.9232205,14381.57882,119.9232205,1.68E+12,1.68E+12
TRUE,15,6,32,401.1150537,160893.2863,401.1150537,210.8941623,44476.3477,210.8941623,1.68E+12,1.68E+12
TRUE,15,6,32,102.2918116,10463.61471,102.2918116,340.7235135,116092.5126,340.7235135,1.68E+12,1.68E+12
TRUE,15,6,32,390.6892725,152638.1076,390.6892725,49.08484159,2409.321674,49.08484159,1.68E+12,1.68E+12
TRUE,15,6,64,642.1144384,412310.952,642.1144384,414.1131619,171489.7109,414.1131619,1.68E+12,1.68E+12
TRUE,15,6,64,907.0118994,822670.5856,907.0118994,264.6380642,70033.30505,264.6380642,1.68E+12,1.68E+12
TRUE,15,6,64,677.8400244,459467.0986,677.8400244,506.3109158,256350.7435,506.3109158,1.68E+12,1.68E+12
TRUE,15,6,64,197.9812647,39196.58117,197.9812647,259.2381619,67204.42459,259.2381619,1.68E+12,1.68E+12
TRUE,15,6,64,149.7140478,22414.29611,149.7140478,130.0740994,16919.27134,130.0740994,1.68E+12,1.68E+12
TRUE,15,7,16,170.7175928,29144.4965,170.7175928,12.50036894,156.2592236,12.50036894,1.68E+12,1.68E+12
TRUE,15,7,16,170.4949366,29068.52339,170.4949366,183.0570096,33509.86875,183.0570096,1.68E+12,1.68E+12
TRUE,15,7,16,406.3347803,165107.9537,406.3347803,91.79675566,8426.644349,91.79675566,1.68E+12,1.68E+12
TRUE,15,7,16,69.77618656,4868.716211,69.77618656,101.2576932,10253.12042,101.2576932,1.68E+12,1.68E+12
TRUE,15,7,16,118.5724463,14059.42501,118.5724463,135.9007596,18469.01645,135.9007596,1.68E+12,1.68E+12
TRUE,15,7,32,193.8884912,37592.74704,193.8884912,75.54577909,5707.164739,75.54577909,1.68E+12,1.68E+12
TRUE,15,7,32,296.2693506,87775.52812,296.2693506,184.9818142,34218.2716,184.9818142,1.68E+12,1.68E+12
TRUE,15,7,32,414.4851709,171797.9569,414.4851709,322.1644314,103789.9209,322.1644314,1.68E+12,1.68E+12
TRUE,15,7,32,229.65021,52739.21895,229.65021,197.4407986,38982.86896,197.4407986,1.68E+12,1.68E+12
TRUE,15,7,32,258.2166162,66675.82091,258.2166162,455.6297635,207598.4814,455.6297635,1.68E+12,1.68E+12
TRUE,15,7,64,413.5499853,171023.5904,413.5499853,441.2703885,194719.5557,441.2703885,1.68E+12,1.68E+12
TRUE,15,7,64,98.82830563,9767.033993,98.82830563,116.9832791,13685.08759,116.9832791,1.68E+12,1.68E+12
TRUE,15,7,64,539.4015478,290954.0298,539.4015478,442.4232205,195738.306,442.4232205,1.68E+12,1.68E+12
TRUE,15,7,64,206.0890478,42472.69563,206.0890478,307.7991971,94740.34571,307.7991971,1.68E+12,1.68E+12
TRUE,15,7,64,35.50408688,1260.540185,35.50408688,143.0360135,20459.30115,143.0360135,1.68E+12,1.68E+12
TRUE,15,8,16,59.07110844,3489.395852,59.07110844,30.55431856,933.5663828,30.55431856,1.68E+12,1.68E+12
TRUE,15,8,16,211.86896,44888.45621,211.86896,122.3643772,14973.0408,122.3643772,1.68E+12,1.68E+12
TRUE,15,8,16,10.77032719,115.9999477,10.77032719,29.818967,889.1707929,29.818967,1.68E+12,1.68E+12
TRUE,15,8,16,28.40154781,806.6479181,28.40154781,77.94324003,6075.148667,77.94324003,1.68E+12,1.68E+12
TRUE,15,8,16,189.3849463,35866.65787,189.3849463,111.9759549,12538.61447,111.9759549,1.68E+12,1.68E+12
TRUE,15,8,32,461.0593897,212575.7608,461.0593897,33.72765841,1137.554942,33.72765841,1.68E+12,1.68E+12
TRUE,15,8,32,210.4513525,44289.77177,210.4513525,292.7952908,85729.08232,292.7952908,1.68E+12,1.68E+12
TRUE,15,8,32,497.0466944,247055.4164,497.0466944,75.33117403,5674.785781,75.33117403,1.68E+12,1.68E+12
TRUE,15,8,32,220.9236475,48807.25802,220.9236475,99.06554903,9813.983005,99.06554903,1.68E+12,1.68E+12
TRUE,15,8,32,360.3015772,129817.2265,360.3015772,89.42883028,7997.515685,89.42883028,1.68E+12,1.68E+12
TRUE,15,8,64,1008.588687,1017251.139,1008.588687,657.8980686,432829.8686,657.8980686,1.68E+12,1.68E+12
TRUE,15,8,64,367.0945459,134758.4057,367.0945459,356.9251736,127395.5796,356.9251736,1.68E+12,1.68E+12
TRUE,15,8,64,647.6834131,419493.8036,647.6834131,811.7545139,658945.3908,811.7545139,1.68E+12,1.68E+12
TRUE,15,8,64,164.9617334,27212.3735,164.9617334,91.88366972,8442.608761,91.88366972,1.68E+12,1.68E+12
TRUE,15,8,64,67.07110844,4498.533587,67.07110844,202.4281033,40977.13701,202.4281033,1.68E+12,1.68E+12
TRUE,15,9,16,299.9119287,89947.16501,299.9119287,97.56164278,9518.274142,97.56164278,1.68E+12,1.68E+12
TRUE,15,9,16,106.28729,11296.98802,106.28729,61.57751737,3791.790646,61.57751737,1.68E+12,1.68E+12
TRUE,15,9,16,177.6843897,31571.74234,177.6843897,30.58777128,935.611752,30.58777128,1.68E+12,1.68E+12
TRUE,15,9,16,272.1603369,74071.24897,272.1603369,124.7816189,15570.45242,124.7816189,1.68E+12,1.68E+12
TRUE,15,9,16,105.1355616,11053.48631,105.1355616,6.31506075,39.87999228,6.31506075,1.68E+12,1.68E+12
TRUE,15,9,32,265.9910303,70751.22821,265.9910303,174.5633572,30472.36568,174.5633572,1.68E+12,1.68E+12
TRUE,15,9,32,115.3767725,13311.79963,115.3767725,47.27013888,2234.466029,47.27013888,1.68E+12,1.68E+12
TRUE,15,9,32,244.3552881,59709.50683,244.3552881,86.55138888,7491.142916,86.55138888,1.68E+12,1.68E+12
TRUE,15,9,32,148.6716944,22103.27271,148.6716944,68.26501737,4660.112597,68.26501737,1.68E+12,1.68E+12
TRUE,15,9,32,146.4718603,21454.00586,146.4718603,139.0506619,19335.08658,139.0506619,1.68E+12,1.68E+12
TRUE,15,9,64,17.31915531,299.9531407,17.31915531,52.81408419,2789.327489,52.81408419,1.68E+12,1.68E+12
TRUE,15,9,64,2.307436562,5.32426349,2.307436562,492.44324,242500.3447,492.44324,1.68E+12,1.68E+12
TRUE,15,9,64,658.4568506,433565.4241,658.4568506,224.3599826,50337.4018,224.3599826,1.68E+12,1.68E+12
TRUE,15,9,64,238.2498194,56762.97643,238.2498194,160.009158,25602.93064,160.009158,1.68E+12,1.68E+12
TRUE,15,9,64,94.48712406,8927.816614,94.48712406,457.0423611,208887.7199,457.0423611,1.68E+12,1.68E+12
TRUE,15,10,16,272.1749853,74079.22263,272.1749853,180.181033,32465.20465,180.181033,1.68333E+12,1.68333E+12
TRUE,15,10,16,31.04962406,964.0791544,31.04962406,65.74890409,4322.91839,65.74890409,1.68333E+12,1.68333E+12
TRUE,15,10,16,14.64861813,214.582013,14.64861813,142.4390842,20288.8927,142.4390842,1.68333E+12,1.68333E+12
TRUE,15,10,16,193.5949072,37478.98809,193.5949072,34.53161894,1192.432706,34.53161894,1.68333E+12,1.68333E+12
TRUE,15,10,16,135.6329931,18396.30882,135.6329931,0.635861531,0.404319887,0.635861531,1.68333E+12,1.68333E+12
TRUE,15,10,32,61.50470219,3782.828391,61.50470219,477.6009549,228102.6721,477.6009549,1.68E+12,1.68E+12
TRUE,15,10,32,316.8836084,100415.2213,316.8836084,45.12511934,2036.276396,45.12511934,1.68E+12,1.68E+12
TRUE,15,10,32,19.91619625,396.6548731,19.91619625,200.2889432,40115.66075,200.2889432,1.68E+12,1.68E+12
TRUE,15,10,32,144.9998194,21024.94762,144.9998194,122.2689236,14949.68968,122.2689236,1.68E+12,1.68E+12
TRUE,15,10,32,19.71795406,388.7977124,19.71795406,415.2615994,172442.1959,415.2615994,1.68E+12,1.68E+12
TRUE,15,10,64,458.3543116,210088.6749,458.3543116,125.2074002,15676.89306,125.2074002,1.68E+12,1.68E+12
TRUE,15,10,64,295.3884912,87254.36076,295.3884912,99.04529081,9809.969632,99.04529081,1.68E+12,1.68E+12
TRUE,15,10,64,469.353335,220292.5531,469.353335,474.8387478,225471.8365,474.8387478,1.68E+12,1.68E+12
TRUE,15,10,64,415.4705225,172615.7551,415.4705225,210.7801541,44428.27336,210.7801541,1.68E+12,1.68E+12
TRUE,15,10,64,374.4490381,140212.0822,374.4490381,258.6468533,66898.19473,258.6468533,1.68E+12,1.68E+12
TRUE,20,5,16,106.3420866,11308.63937,106.3420866,342.5255345,117323.7418,342.5255345,1.68E+12,1.68E+12
TRUE,20,5,16,445.8342741,198768.1999,445.8342741,37.03237047,1371.396463,37.03237047,1.68E+12,1.68E+12
TRUE,20,5,16,139.0637662,19338.73108,139.0637662,59.44936266,3534.22672,59.44936266,1.68E+12,1.68E+12
TRUE,20,5,16,768.3186491,590313.5465,768.3186491,31.60288344,998.7422416,31.60288344,1.68E+12,1.68E+12
TRUE,20,5,16,759.825485,577334.7677,759.825485,143.357278,20551.30915,143.357278,1.68E+12,1.68E+12
TRUE,20,5,32,976.0959928,952763.3872,976.0959928,93.94907484,8826.428664,93.94907484,1.68E+12,1.68E+12
TRUE,20,5,32,500.450485,250450.6879,500.450485,54.35874281,2954.87292,54.35874281,1.68E+12,1.68E+12
TRUE,20,5,32,1051.741501,1106160.184,1051.741501,194.32261,37761.27676,194.32261,1.68E+12,1.68E+12
TRUE,20,5,32,728.6047819,530864.9282,728.6047819,81.005515,6561.89346,81.005515,1.68E+12,1.68E+12
TRUE,20,5,32,486.1467741,236338.6859,486.1467741,246.630515,60826.61093,246.630515,1.68E+12,1.68E+12
TRUE,20,5,64,429.7043912,184645.8639,429.7043912,237.4435033,56379.41725,237.4435033,1.68E+12,1.68E+12
TRUE,20,5,64,407.7278287,166241.9823,407.7278287,121.4739772,14755.92713,121.4739772,1.68E+12,1.68E+12
TRUE,20,5,64,472.5422819,223296.2082,472.5422819,126.5677272,16019.38957,126.5677272,1.68E+12,1.68E+12
TRUE,20,5,64,430.0217741,184918.7262,430.0217741,51.99741469,2703.731134,51.99741469,1.68E+12,1.68E+12
TRUE,20,5,64,1070.879196,1146782.252,1070.879196,236.4178248,55893.3879,236.4178248,1.68E+12,1.68E+12
TRUE,20,6,16,621.8870084,386743.4513,621.8870084,343.5980006,118059.586,343.5980006,1.68E+12,1.68E+12
TRUE,20,6,16,749.0090787,561014.6,749.0090787,2.658835312,7.069405219,2.658835312,1.68E+12,1.68E+12
TRUE,20,6,16,480.0012662,230401.2156,480.0012662,152.0462428,23118.05995,152.0462428,1.68E+12,1.68E+12
TRUE,20,6,16,746.1916959,556802.0471,746.1916959,356.560403,127135.321,356.560403,1.68E+12,1.68E+12
TRUE,20,6,16,210.7541959,44417.33111,210.7541959,118.9796361,14156.15381,118.9796361,1.68E+12,1.68E+12
TRUE,20,6,32,698.8713834,488421.2106,698.8713834,162.5862819,26434.29905,162.5862819,1.68E+12,1.68E+12
TRUE,20,6,32,875.9446256,767278.9872,875.9446256,22.62973891,512.105083,22.62973891,1.68E+12,1.68E+12
TRUE,20,6,32,481.8948209,232222.6184,481.8948209,23.45571031,550.1703463,23.45571031,1.68E+12,1.68E+12
TRUE,20,6,32,928.2288053,861608.715,928.2288053,175.6302272,30845.9767,175.6302272,1.68E+12,1.68E+12
TRUE,20,6,32,1041.597946,1084926.281,1041.597946,156.1263209,24375.42809,156.1263209,1.68E+12,1.68E+12
TRUE,20,6,64,270.65361,73253.37661,270.65361,92.91587172,8633.359217,92.91587172,1.68E+12,1.68E+12
TRUE,20,6,64,287.2600553,82518.33938,287.2600553,134.4124538,18066.70772,134.4124538,1.68E+12,1.68E+12
TRUE,20,6,64,374.2454069,140059.6246,374.2454069,182.7669459,33403.75653,182.7669459,1.68E+12,1.68E+12
TRUE,20,6,64,536.9397428,288304.2874,536.9397428,151.1790553,22855.10677,151.1790553,1.68E+12,1.68E+12
TRUE,20,6,64,915.3459928,837858.2866,915.3459928,391.2894069,153107.3999,391.2894069,1.68E+12,1.68E+12
TRUE,20,7,16,109.9586947,12090.91454,109.9586947,319.55239,102113.73,319.55239,1.68E+12,1.68E+12
TRUE,20,7,16,277.5403287,77028.63408,277.5403287,24.255515,588.3300079,24.255515,1.68E+12,1.68E+12
TRUE,20,7,16,368.5188444,135806.1387,368.5188444,60.18784438,3622.576611,60.18784438,1.68E+12,1.68E+12
TRUE,20,7,16,287.6633756,82750.21768,287.6633756,85.18784438,7256.968829,85.18784438,1.68E+12,1.68E+12
TRUE,20,7,16,476.9622037,227492.9438,476.9622037,95.45688734,9112.017341,95.45688734,1.68E+12,1.68E+12
TRUE,20,7,32,616.6819303,380296.6032,616.6819303,144.9368678,21006.69565,144.9368678,1.68E+12,1.68E+12
TRUE,20,7,32,555.1477506,308189.025,555.1477506,25.02378188,626.1896593,25.02378188,1.68E+12,1.68E+12
TRUE,20,7,32,928.1604459,861481.8134,928.1604459,17.00473891,289.1611453,17.00473891,1.68E+12,1.68E+12
TRUE,20,7,32,495.1760709,245199.3412,495.1760709,205.3136205,42153.68275,205.3136205,1.68E+12,1.68E+12
TRUE,20,7,32,613.3538053,376202.8905,613.3538053,152.0745631,23126.67275,152.0745631,1.68E+12,1.68E+12
TRUE,20,7,64,975.3625944,951332.1905,975.3625944,374.5672389,140300.6165,374.5672389,1.68E+12,1.68E+12
TRUE,20,7,64,674.5168912,454973.0366,674.5168912,117.39614,13781.85369,117.39614,1.68E+12,1.68E+12
TRUE,20,7,64,735.3811491,540785.4344,735.3811491,134.006692,17957.79351,134.006692,1.68E+12,1.68E+12
TRUE,20,7,64,1015.852829,1031956.97,1015.852829,23.59409438,556.6812894,23.59409438,1.68E+12,1.68E+12
TRUE,20,7,64,430.8186491,185604.7084,430.8186491,8.915383438,79.48406184,8.915383438,1.68E+12,1.68E+12
TRUE,20,8,16,17.23310875,296.9800372,17.23310875,105.8268041,11199.31246,105.8268041,1.68E+12,1.68E+12
TRUE,20,8,16,50.80986,2581.641873,50.80986,10.10317125,102.0740693,10.10317125,1.68E+12,1.68E+12
TRUE,20,8,16,93.32157875,8708.91706,93.32157875,245.8233861,60429.13715,245.8233861,1.68E+12,1.68E+12
TRUE,20,8,16,449.5041959,202054.0222,449.5041959,41.70668687,1739.44773,41.70668687,1.68E+12,1.68E+12
TRUE,20,8,16,316.9153287,100435.3256,316.9153287,71.44936266,5105.011424,71.44936266,1.68E+12,1.68E+12
TRUE,20,8,32,768.4573209,590526.6541,768.4573209,145.1023952,21054.70508,145.1023952,1.68E+12,1.68E+12
TRUE,20,8,32,419.4163053,175910.0372,419.4163053,13.39780531,179.5011872,13.39780531,1.68E+12,1.68E+12
TRUE,20,8,32,599.4514616,359342.0548,599.4514616,37.37319078,1396.755389,37.37319078,1.68E+12,1.68E+12
TRUE,20,8,32,690.2180631,476400.9747,690.2180631,105.7903834,11191.60523,105.7903834,1.68E+12,1.68E+12
TRUE,20,8,32,626.7434537,392807.3568,626.7434537,138.1710423,19091.23694,138.1710423,1.68E+12,1.68E+12
TRUE,20,8,64,740.9680631,549033.6706,740.9680631,73.48569594,5400.147507,73.48569594,1.68E+12,1.68E+12
TRUE,20,8,64,720.5823209,519238.8812,720.5823209,339.6170436,115339.7363,339.6170436,1.68E+12,1.68E+12
TRUE,20,8,64,1023.098922,1046731.405,1023.098922,74.25034438,5513.11364,74.25034438,1.68E+12,1.68E+12
TRUE,20,8,64,1008.743454,1017563.355,1008.743454,58.46156969,3417.75513,58.46156969,1.68E+12,1.68E+12
TRUE,20,8,64,862.4485319,743817.4701,862.4485319,151.3509303,22907.10411,151.3509303,1.68E+12,1.68E+12
TRUE,20,9,16,23.73017906,563.1213983,23.73017906,149.0924291,22228.5524,149.0924291,1.68E+12,1.68E+12
TRUE,20,9,16,37.49638344,1405.978771,37.49638344,110.2931127,12164.5707,110.2931127,1.68E+12,1.68E+12
TRUE,20,9,16,178.9299772,32015.93674,178.9299772,89.96030531,8092.856532,89.96030531,1.68E+12,1.68E+12
TRUE,20,9,16,201.9231412,40772.95497,201.9231412,177.0779811,31356.61139,177.0779811,1.68E+12,1.68E+12
TRUE,20,9,16,95.8332975,9184.02091,95.8332975,72.88588609,5312.352392,72.88588609,1.68E+12,1.68E+12
TRUE,20,9,32,489.4495084,239560.8213,489.4495084,22.32602797,498.4515249,22.32602797,1.68E+12,1.68E+12
TRUE,20,9,32,180.4465787,32560.96778,180.4465787,7.17348375,51.45886911,7.17348375,1.68E+12,1.68E+12
TRUE,20,9,32,558.8459928,312308.8437,558.8459928,161.4762181,26074.56902,161.4762181,1.68E+12,1.68E+12
TRUE,20,9,32,333.7502897,111389.2559,333.7502897,96.37416734,9287.980131,96.37416734,1.68E+12,1.68E+12
TRUE,20,9,32,450.1838834,202665.5289,450.1838834,56.97084703,3245.677411,56.97084703,1.68E+12,1.68E+12
TRUE,20,9,64,379.8000944,144248.1117,379.8000944,139.2550267,19391.96247,139.2550267,1.68E+12,1.68E+12
TRUE,20,9,64,881.0159147,776189.0419,881.0159147,119.5369655,14289.08611,119.5369655,1.68E+12,1.68E+12
TRUE,20,9,64,719.5540006,517757.9598,719.5540006,59.62660875,3555.332471,59.62660875,1.68E+12,1.68E+12
TRUE,20,9,64,721.2805631,520245.6507,721.2805631,30.92612563,956.4252462,30.92612563,1.68E+12,1.68E+12
TRUE,20,9,64,1088.618454,1185090.138,1088.618454,127.0242702,16135.16521,127.0242702,1.68E+12,1.68E+12
TRUE,20,10,16,36.42607094,1326.858644,36.42607094,60.849265,3702.633051,60.849265,1.68E+12,1.68E+12
TRUE,20,10,16,465.4748991,216666.8817,465.4748991,183.6756373,33736.73975,183.6756373,1.68E+12,1.68E+12
TRUE,20,10,16,29.45283531,867.4695079,29.45283531,172.7228002,29833.16569,172.7228002,1.68E+12,1.68E+12
TRUE,20,10,16,501.0383756,251039.4538,501.0383756,104.1580592,10848.9013,104.1580592,1.68E+12,1.68E+12
TRUE,20,10,16,266.0217741,70767.58428,266.0217741,112.5514134,12667.82067,112.5514134,1.68E+12,1.68E+12
TRUE,20,10,32,744.7766569,554692.2686,744.7766569,333.3597194,111128.7025,333.3597194,1.68E+12,1.68E+12
TRUE,20,10,32,266.1448209,70833.06571,266.1448209,73.318015,5375.531324,73.318015,1.68E+12,1.68E+12
TRUE,20,10,32,304.1370084,92499.3199,304.1370084,183.4561986,33656.1768,183.4561986,1.68E+12,1.68E+12
TRUE,20,10,32,437.8928678,191750.1637,437.8928678,39.65297594,1572.358501,39.65297594,1.68E+12,1.68E+12
TRUE,20,10,32,308.0432584,94890.64907,308.0432584,75.70522203,5731.280643,75.70522203,1.68E+12,1.68E+12
TRUE,20,10,64,689.8586881,475905.0096,689.8586881,22.38246812,500.9748794,22.38246812,1.68E+12,1.68E+12
TRUE,20,10,64,814.9954069,664217.5132,814.9954069,180.0779811,32428.07927,180.0779811,1.68E+12,1.68E+12
TRUE,20,10,64,707.8811491,501095.7212,707.8811491,68.05259047,4631.15507,68.05259047,1.68E+12,1.68E+12
TRUE,20,10,64,500.4436491,250443.8459,500.4436491,121.5699681,14779.25715,121.5699681,1.68E+12,1.68E+12
TRUE,20,10,64,736.9670866,543120.4867,736.9670866,92.41684828,8540.873846,92.41684828,1.68E+12,1.68E+12
TRUE,25,5,16,213.1592572,45436.86892,213.1592572,14.51579647,210.7083471,14.51579647,1.68E+12,1.68E+12
TRUE,25,5,16,261.5518353,68409.36256,261.5518353,182.9196051,33459.58192,182.9196051,1.68E+12,1.68E+12
TRUE,25,5,16,77.12882875,5948.856224,77.12882875,122.0822027,14904.06422,122.0822027,1.68E+12,1.68E+12
TRUE,25,5,16,573.5147259,328919.1409,573.5147259,185.448559,34391.16804,185.448559,1.68E+12,1.68E+12
TRUE,25,5,16,339.6533978,115364.4306,339.6533978,31.25261287,976.7258115,31.25261287,1.68E+12,1.68E+12
TRUE,25,5,32,70.61531188,4986.522271,70.61531188,154.6389887,23913.21682,154.6389887,1.68E+12,1.68E+12
TRUE,25,5,32,340.1699994,115715.6285,340.1699994,86.42658634,7469.554827,86.42658634,1.68E+12,1.68E+12
TRUE,25,5,32,100.4022662,10080.61507,100.4022662,26.22429256,687.7135204,26.22429256,1.68E+12,1.68E+12
TRUE,25,5,32,148.9530475,22187.01036,148.9530475,87.43928166,7645.627977,87.43928166,1.68E+12,1.68E+12
TRUE,25,5,32,165.5995319,27423.20496,165.5995319,227.2438238,51639.75546,227.2438238,1.68E+12,1.68E+12
TRUE,25,5,64,682.6776569,466048.7832,682.6776569,97.77849178,9560.633455,97.77849178,1.68E+12,1.68E+12
TRUE,25,5,64,701.1698444,491639.1507,701.1698444,101.6227301,10327.17927,101.6227301,1.68E+12,1.68E+12
TRUE,25,5,64,1056.142501,1115436.982,1056.142501,436.4938238,190526.8582,436.4938238,1.68E+12,1.68E+12
TRUE,25,5,64,211.8729694,44890.15515,211.8729694,128.7058832,16565.20438,128.7058832,1.68E+12,1.68E+12
TRUE,25,5,64,756.6561725,572528.5634,756.6561725,360.6676519,130081.1552,360.6676519,1.68E+12,1.68E+12
TRUE,25,6,16,376.1065228,141456.1165,376.1065228,112.4685785,12649.18116,112.4685785,1.68E+12,1.68E+12
TRUE,25,6,16,95.73039125,9164.307809,95.73039125,74.72443791,5583.74162,74.72443791,1.68E+12,1.68E+12
TRUE,25,6,16,186.7324994,34869.02632,186.7324994,92.71076603,8595.286138,92.71076603,1.68E+12,1.68E+12
TRUE,25,6,16,897.8145306,806070.9314,897.8145306,482.5496332,232854.1485,482.5496332,1.68E+12,1.68E+12
TRUE,25,6,16,191.7801959,36779.64355,191.7801959,165.9440191,27537.41748,165.9440191,1.68E+12,1.68E+12
TRUE,25,6,32,361.4893353,130674.5395,361.4893353,159.0958746,25311.49731,159.0958746,1.68E+12,1.68E+12
TRUE,25,6,32,173.7315228,30182.64202,173.7315228,234.9459722,55199.60988,234.9459722,1.68E+12,1.68E+12
TRUE,25,6,32,326.1387494,106366.4838,326.1387494,22.95002384,526.7035944,22.95002384,1.68E+12,1.68E+12
TRUE,25,6,32,151.7881634,23039.64656,151.7881634,313.4353754,98241.73456,313.4353754,1.68E+12,1.68E+12
TRUE,25,6,32,488.2901166,238427.2379,488.2901166,42.05842228,1768.910885,42.05842228,1.68E+12,1.68E+12
TRUE,25,6,64,592.1219928,350608.4544,592.1219928,15.68781681,246.1075963,15.68781681,1.68E+12,1.68E+12
TRUE,25,6,64,345.5948041,119435.7686,345.5948041,145.9993403,21315.80735,145.9993403,1.68E+12,1.68E+12
TRUE,25,6,64,394.1444537,155349.8504,394.1444537,58.926441,3472.325449,58.926441,1.68E+12,1.68E+12
TRUE,25,6,64,525.0048053,275630.0456,525.0048053,111.988941,12541.52291,111.988941,1.68E+12,1.68E+12
TRUE,25,6,64,505.5604694,255591.3882,505.5604694,121.254566,14702.66978,121.254566,1.68E+12,1.68E+12
TRUE,25,7,16,134.9082806,18200.24418,134.9082806,102.8375738,10575.56659,102.8375738,1.68E+12,1.68E+12
TRUE,25,7,16,600.7930463,360952.2844,600.7930463,169.8640863,28853.80783,169.8640863,1.68E+12,1.68E+12
TRUE,25,7,16,117.4737103,13800.07261,117.4737103,20.38396053,415.5058469,20.38396053,1.68E+12,1.68E+12
TRUE,25,7,16,160.9657428,25909.97036,160.9657428,115.4806402,13335.77827,115.4806402,1.68E+12,1.68E+12
TRUE,25,7,16,609.9170697,371998.8319,609.9170697,68.34309025,4670.777985,68.34309025,1.68E+12,1.68E+12
TRUE,25,7,32,135.8955853,18467.61011,135.8955853,164.1643793,26949.94344,164.1643793,1.68E+12,1.68E+12
TRUE,25,7,32,478.1621869,228639.077,478.1621869,86.04768009,7404.20325,86.04768009,1.68E+12,1.68E+12
TRUE,25,7,32,172.9785931,29921.59368,172.9785931,217.8956793,47478.52705,217.8956793,1.68E+12,1.68E+12
TRUE,25,7,32,159.1407025,25325.76319,159.1407025,117.2014887,13736.18895,117.2014887,1.68E+12,1.68E+12
TRUE,25,7,32,342.0352338,116988.1011,342.0352338,10.307934,106.2535033,10.307934,1.68E+12,1.68E+12
TRUE,25,7,64,484.7793744,235011.0418,484.7793744,111.3566168,12400.2961,111.3566168,1.68E+12,1.68E+12
TRUE,25,7,64,243.8973834,59485.93365,243.8973834,51.10271053,2611.487024,51.10271053,1.68E+12,1.68E+12
TRUE,25,7,64,282.2940228,79689.91532,282.2940228,7.668285563,58.80260347,7.668285563,1.68E+12,1.68E+12
TRUE,25,7,64,299.7373822,89842.49828,299.7373822,13.26286678,175.9036353,13.26286678,1.68E+12,1.68E+12
TRUE,25,7,64,124.726485,15556.69606,124.726485,6.829418375,46.64095534,6.829418375,1.68E+12,1.68E+12
TRUE,25,8,16,561.4248822,315197.8983,561.4248822,173.4978754,30101.51277,173.4978754,1.68E+12,1.68E+12
TRUE,25,8,16,37.34578063,1394.70733,37.34578063,179.2394293,32126.77301,179.2394293,1.68E+12,1.68E+12
TRUE,25,8,16,9.2499225,85.56106626,9.2499225,8.390453531,70.39971046,8.390453531,1.68E+12,1.68E+12
TRUE,25,8,16,303.9824994,92405.35993,303.9824994,13.4030035,179.6405028,13.4030035,1.68E+12,1.68E+12
TRUE,25,8,16,604.0030072,364819.6327,604.0030072,178.495434,31860.61996,178.495434,1.68E+12,1.68E+12
TRUE,25,8,32,331.0674603,109605.6633,331.0674603,229.8010981,52808.54467,229.8010981,1.68E+12,1.68E+12
TRUE,25,8,32,390.0176556,152113.7717,390.0176556,37.29084416,1390.607058,37.29084416,1.68E+12,1.68E+12
TRUE,25,8,32,671.2227338,450539.9583,671.2227338,28.09894963,789.55097,28.09894963,1.68E+12,1.68E+12
TRUE,25,8,32,136.07039,18515.15103,136.07039,51.06413631,2607.546017,51.06413631,1.68E+12,1.68E+12
TRUE,25,8,32,430.5537884,185376.5647,430.5537884,0.074535563,0.00555555,0.074535563,1.68E+12,1.68E+12
TRUE,25,8,64,218.1446088,47587.07033,218.1446088,80.70344181,6513.04552,80.70344181,1.68E+12,1.68E+12
TRUE,25,8,64,273.4112103,74753.68992,273.4112103,233.1193121,54344.61367,233.1193121,1.68E+12,1.68E+12
TRUE,25,8,64,418.4530475,175102.953,418.4530475,220.7609137,48735.381,220.7609137,1.68E+12,1.68E+12
TRUE,25,8,64,18.05461,325.9689423,18.05461,246.0221441,60526.8954,246.0221441,1.68E+12,1.68E+12
TRUE,25,8,64,309.8096478,95982.01788,309.8096478,44.73601131,2001.310708,44.73601131,1.68E+12,1.68E+12
TRUE,25,9,16,131.5967572,17317.7065,131.5967572,119.7677496,14344.31384,119.7677496,1.68E+12,1.68E+12
TRUE,25,9,16,105.7227338,11177.29643,105.7227338,257.6720465,66394.88353,257.6720465,1.68E+12,1.68E+12
TRUE,25,9,16,451.1416791,203528.8146,451.1416791,88.67058162,7862.472046,88.67058162,1.68E+12,1.68E+12
TRUE,25,9,16,317.4414838,100769.0956,317.4414838,21.20134334,449.4969596,21.20134334,1.68E+12,1.68E+12
TRUE,25,9,16,796.9346478,635104.8329,796.9346478,280.0774653,78443.38654,280.0774653,1.68E+12,1.68E+12
TRUE,25,9,32,176.0489056,30993.21717,176.0489056,216.5787847,46906.37,216.5787847,1.68E+12,1.68E+12
TRUE,25,9,32,145.5449994,21183.34684,145.5449994,30.79509334,948.3377741,30.79509334,1.68E+12,1.68E+12
TRUE,25,9,32,368.8838666,136075.307,368.8838666,94.10187931,8855.16369,94.10187931,1.68E+12,1.68E+12
TRUE,25,9,32,402.4395306,161957.5758,402.4395306,231.226391,53465.64391,231.226391,1.68E+12,1.68E+12
TRUE,25,9,32,374.63289,140349.8023,374.63289,93.33806209,8711.993835,93.33806209,1.68E+12,1.68E+12
TRUE,25,9,64,243.1268756,59110.67765,243.1268756,207.3352778,42987.9174,207.3352778,1.68E+12,1.68E+12
TRUE,25,9,64,13.88859437,192.8930537,13.88859437,76.75651912,5891.563228,76.75651912,1.68E+12,1.68E+12
TRUE,25,9,64,448.7715619,201395.9147,448.7715619,106.5867426,11360.7337,106.5867426,1.68E+12,1.68E+12
TRUE,25,9,64,176.6387494,31201.24778,176.6387494,20.44807072,418.1235961,20.44807072,1.68E+12,1.68E+12
TRUE,25,9,64,68.41121031,4680.093696,68.41121031,122.242016,14943.11048,122.242016,1.68E+12,1.68E+12
TRUE,25,10,16,90.0625775,8111.267866,90.0625775,121.4646723,14753.66661,121.4646723,1.68E+12,1.68E+12
TRUE,25,10,16,662.0948041,438369.5296,662.0948041,140.0784418,19621.96986,140.0784418,1.68E+12,1.68E+12
TRUE,25,10,16,353.6885541,125095.5933,353.6885541,20.63361759,425.746175,20.63361759,1.68E+12,1.68E+12
TRUE,25,10,16,466.22664,217367.2798,466.22664,79.99982853,6399.972565,79.99982853,1.68E+12,1.68E+12
TRUE,25,10,16,345.2227338,119178.7359,345.2227338,3.53059025,12.46506751,3.53059025,1.68E+12,1.68E+12
TRUE,25,10,32,138.476485,19175.7369,138.476485,124.3629644,15466.14692,124.3629644,1.68E+12,1.68E+12
TRUE,25,10,32,384.2071088,147615.1024,384.2071088,65.37434025,4273.804363,65.37434025,1.68E+12,1.68E+12
TRUE,25,10,32,280.4053509,78627.16083,280.4053509,6.338550375,40.17722086,6.338550375,1.68E+12,1.68E+12
TRUE,25,10,32,39.12394594,1530.683146,39.12394594,225.6202887,50904.51465,225.6202887,1.68E+12,1.68E+12
TRUE,25,10,32,631.2032025,398417.4828,631.2032025,101.9387934,10391.51759,101.9387934,1.68E+12,1.68E+12
TRUE,25,10,64,167.5225384,28063.80088,167.5225384,60.34211369,3641.170684,60.34211369,1.68E+12,1.68E+12
TRUE,25,10,64,317.6592572,100907.4037,317.6592572,5.311694906,28.21410278,5.311694906,1.68E+12,1.68E+12
TRUE,25,10,64,436.1875775,190259.6028,436.1875775,27.62141056,762.9423215,27.62141056,1.68E+12,1.68E+12
TRUE,25,10,64,269.086015,72407.28347,269.086015,104.8561285,10994.80768,104.8561285,1.68E+12,1.68E+12
TRUE,25,10,64,65.53410219,4294.71855,65.53410219,226.1520269,51144.73929,226.1520269,1.68E+12,1.68E+12
