double_LSTM,sequence_size,epoches,batch_size,trainScoreMAE,trainScoreMSE,trainScoreRMSE,testScoreMAE,testScoreMSE,testScoreRMSE,exec_time
TRUE,5,5,16,139.802594,59976.61649,244.9012382,143.9614335,36391.45564,190.7654467,46970.17651
TRUE,5,5,16,138.1122568,49904.78625,223.3937919,146.8296824,39497.8866,198.7407522,46308.78687
TRUE,5,5,16,315.9777192,156738.9498,395.9027025,224.8905893,71406.73684,267.22039,46271.65161
TRUE,5,5,16,141.6621701,54093.79979,232.5807382,127.747316,32059.78943,179.0524768,45402.28101
TRUE,5,5,16,213.645711,91081.28707,301.7967645,194.7416935,60745.28434,246.4655845,46028.88696
TRUE,5,5,32,176.6139099,79739.85904,282.3824694,211.9248404,73334.2696,270.8030088,26384.76587
TRUE,5,5,32,247.9250733,125631.9763,354.4460133,178.6897572,62591.06508,250.1820639,26834.58594
TRUE,5,5,32,186.1410477,95268.98332,308.6567403,184.8861618,62633.14572,250.2661498,27199.5415
TRUE,5,5,32,220.440918,116540.0777,341.379668,258.4805351,122564.1138,350.0915791,26985.53076
TRUE,5,5,32,185.0571209,91234.9208,302.051189,170.4453387,59675.05254,244.2847776,26782.43213
TRUE,5,5,64,263.4296508,144478.8311,380.103711,189.7867351,88050.03116,296.732255,18211.81567
TRUE,5,5,64,179.5440659,111464.0046,333.8622539,190.9553565,87474.07671,295.7601676,18793.34253
TRUE,5,5,64,257.4550669,143526.3998,378.8487822,190.1821744,96314.21987,310.3453236,18136.05762
TRUE,5,5,64,250.7299322,142926.5771,378.0563147,308.7903912,142629.3254,377.6629786,17829.69653
TRUE,5,5,64,169.6842809,98082.99389,313.1820459,169.9269602,75033.84248,273.9230594,18112.68506
TRUE,5,6,16,124.1338997,37952.35007,194.8136291,140.3525097,39990.25233,199.9756294,53109.02197
TRUE,5,6,16,151.4049683,57943.20879,240.7139564,104.4741795,30144.40095,173.62143,54339.12085
TRUE,5,6,16,193.0205904,63573.51469,252.1378882,193.8940579,54302.38191,233.0287148,52698.40698
TRUE,5,6,16,141.6485279,49684.4309,222.9000469,103.9597498,24201.62035,155.5686998,53655.95728
TRUE,5,6,16,171.6643243,56895.97081,238.5287631,134.5928343,32085.534,179.1243535,51955.42651
TRUE,5,6,32,156.7535801,66539.04815,257.9516392,115.2998765,38313.56861,195.738521,29685.49878
TRUE,5,6,32,194.2778742,90303.1114,300.504761,277.9010418,113838.0279,337.3989151,30572.17969
TRUE,5,6,32,207.8035453,91338.59082,302.2227503,208.1330788,78275.75823,279.7780517,30113.84326
TRUE,5,6,32,174.8878259,78461.96744,280.1106343,102.0304975,30465.3443,174.5432448,30095.57446
TRUE,5,6,32,199.5617036,85339.20438,292.1287462,124.9418968,43972.58748,209.6964174,30199.99634
TRUE,5,6,64,247.3832576,133803.7656,365.7919704,216.4809412,96629.93189,310.8535538,19397.28857
TRUE,5,6,64,359.1487104,213943.1984,462.5399425,243.9517991,109410.3054,330.7722863,20239.17578
TRUE,5,6,64,273.8337,146174.9562,382.3283356,188.0916986,76959.05053,277.4149429,19745.0188
TRUE,5,6,64,271.4797742,151108.674,388.7269916,232.5150581,152925.3682,391.0567327,19610.53833
TRUE,5,6,64,297.5065582,156406.3643,395.482445,355.8053308,164909.3784,406.0903574,20075.43359
TRUE,5,7,16,155.6278959,45566.10534,213.4621871,153.9812709,37546.6715,193.7696351,59332.57007
TRUE,5,7,16,163.1005746,47740.75257,218.4965734,137.2650237,29971.9554,173.1241041,58807.72461
TRUE,5,7,16,139.7503502,41704.29577,204.2162965,111.7058769,24060.80454,155.1154555,59306.68823
TRUE,5,7,16,147.3600798,38233.65944,195.5342922,135.1985587,27154.99691,164.7877329,59013.92993
TRUE,5,7,16,139.7519981,44781.58298,211.6165943,97.01881737,21755.99545,147.4991371,59621.12524
TRUE,5,7,32,201.220886,85312.62302,292.0832467,249.7864645,100321.8394,316.73623,33735.88306
TRUE,5,7,32,157.5540052,59578.18416,244.0864276,169.8345126,57172.71016,239.1081558,34329.5647
TRUE,5,7,32,175.5045619,67035.33121,258.9118213,191.9672549,62716.21651,250.4320597,33389.96021
TRUE,5,7,32,121.3012601,51100.22024,226.0535782,106.9311346,37055.70363,192.4985809,33982.93018
TRUE,5,7,32,203.9731421,89367.15499,298.9433976,152.4796736,47211.63748,217.2823911,34011.30078
TRUE,5,7,64,161.2796953,87403.6081,295.6410122,180.3564186,58719.0463,242.3201318,21863.19775
TRUE,5,7,64,191.4261898,109323.7608,330.6414384,274.2755346,150800.008,388.3297671,21747.98486
TRUE,5,7,64,284.9493425,143119.1291,378.3108895,185.4094381,69688.79921,263.9863618,21930.65063
TRUE,5,7,64,164.736557,88177.50886,296.9469799,110.0403916,41923.21081,204.7515832,21771.27417
TRUE,5,7,64,254.2961448,150579.2246,388.0453898,255.2719623,259871.1196,509.775558,22116.75073
TRUE,5,8,16,86.83068554,21316.89523,146.0030658,84.60580546,15966.16267,126.3572818,67313.1958
TRUE,5,8,16,180.4331235,50391.59567,224.4807245,165.6792159,38006.77055,194.9532522,67221.41333
TRUE,5,8,16,202.4385261,62464.69508,249.9293802,150.4538439,34747.60527,186.4070955,66361.74121
TRUE,5,8,16,251.591851,86705.25993,294.457569,249.6988625,77810.52076,278.9453724,66914.16284
TRUE,5,8,16,144.158856,40564.4191,201.4061049,133.1885461,28061.01867,167.5142342,66477.11304
TRUE,5,8,32,109.4364562,35608.49934,188.7021445,94.20706918,31567.38968,177.672141,37530.36792
TRUE,5,8,32,174.7542121,60251.54586,245.4619031,222.4522633,64616.81819,254.1983835,37326.0603
TRUE,5,8,32,170.2113525,64303.2768,253.5809078,199.9562158,62529.47038,250.0589338,37756.78003
TRUE,5,8,32,204.0896487,77559.97644,278.4959182,151.4390237,40561.25271,201.3982441,38313.43896
TRUE,5,8,32,180.8228949,62094.73977,249.1881614,200.7885287,58121.59026,241.0841975,37565.85498
TRUE,5,8,64,153.3563801,90094.41005,300.1573088,130.8089421,47185.32084,217.221824,24092.69556
TRUE,5,8,64,178.4712796,84499.45799,290.6879048,191.1017136,63868.04961,252.7212884,24237.43921
TRUE,5,8,64,203.7539495,113746.9562,337.2639266,163.8921121,58730.04483,242.342825,23939.63696
TRUE,5,8,64,213.6370909,96676.14842,310.927883,171.1563138,59530.75842,243.9892588,24225.01221
TRUE,5,8,64,227.4568815,107726.6007,328.2173072,293.3236045,120763.0385,347.5097675,23683.48926
TRUE,5,9,16,243.714128,80946.53634,284.5110478,303.2931578,104649.8667,323.4963163,73302.35449
TRUE,5,9,16,155.958748,44167.37325,210.1603513,111.0854649,21990.56417,148.2921582,74816.42261
TRUE,5,9,16,98.08815653,21749.34006,147.4765746,81.46067954,12314.25785,110.9696258,74391.14111
TRUE,5,9,16,178.7317836,53776.05981,231.8966576,179.1851781,47489.41464,217.9206613,73560.11206
TRUE,5,9,16,160.9585434,46376.25602,215.3514709,206.6737795,57079.82646,238.9138474,74402.65747
TRUE,5,9,32,201.0113168,60467.97705,245.902373,173.3814416,47412.68894,217.7445497,40956.82446
TRUE,5,9,32,138.8219718,47269.45786,217.4154039,168.5491794,49274.77286,221.9792172,41895.86182
TRUE,5,9,32,147.2263692,44361.8549,210.6225413,155.2534043,40367.26066,200.9160538,41204.26318
TRUE,5,9,32,147.7922955,43832.61781,209.3624078,129.56993,34959.64545,186.9749862,42454.09375
TRUE,5,9,32,263.641829,98293.88021,313.5185484,315.5527626,114967.0745,339.0679497,41517.58154
TRUE,5,9,64,322.738934,178335.4706,422.2978459,279.7545959,126150.9855,355.1774,25805.88867
TRUE,5,9,64,172.3367314,78325.02886,279.8660909,148.9660158,47806.48587,218.6469434,26513.53296
TRUE,5,9,64,265.3497209,123806.7073,351.8617731,225.3257502,81273.55727,285.0851755,26284.9187
TRUE,5,9,64,173.8040797,66893.38448,258.6375543,138.4823488,41503.10339,203.7231047,25926.10376
TRUE,5,9,64,201.8263831,87318.85065,295.4976322,269.5676934,102641.5446,320.3771912,26262.81421
TRUE,5,10,16,119.6425634,28549.87118,168.9670713,91.47404086,14068.83083,118.6121024,81397.82349
TRUE,5,10,16,115.1781556,26333.59187,162.2762825,99.94057666,19111.02605,138.2426347,82037.64771
TRUE,5,10,16,92.34987023,19294.33985,138.9040671,78.08069112,9776.981699,98.87862104,81282.604
TRUE,5,10,16,202.9534315,69635.53439,263.8854569,129.5032242,27659.27657,166.3107831,81463.68848
TRUE,5,10,16,86.33242304,18291.14262,135.2447508,91.49615553,15897.77595,126.0863829,82443.06177
TRUE,5,10,32,248.3599985,81969.72006,286.3035453,262.2756188,80892.30993,284.4157343,45901.28638
TRUE,5,10,32,214.8846861,73670.13247,271.4224244,206.5052382,68553.92464,261.828044,45749.94092
TRUE,5,10,32,160.6114291,46889.50328,216.5398422,191.3460501,51602.48376,227.1618008,46263.47559
TRUE,5,10,32,169.9080421,53473.91114,231.2442673,199.98354,58505.94126,241.8800142,45138.83252
TRUE,5,10,32,117.1360607,37673.45038,194.0964976,97.92632482,23166.9531,152.2069417,45459.74365
TRUE,5,10,64,230.7867528,100870.9658,317.6018983,312.1323003,121663.5927,348.8030859,28361.2876
TRUE,5,10,64,179.7567107,84971.41394,291.4985659,230.364649,86765.36075,294.5596047,28399.06104
TRUE,5,10,64,222.7360493,95859.60229,309.612019,180.0456462,56739.23826,238.1999964,28247.7981
TRUE,5,10,64,164.1553904,71146.41397,266.7328513,189.0634455,76110.28254,275.880921,28464.11963
TRUE,5,10,64,216.6492232,97405.48956,312.0985254,166.1813209,54141.64681,232.6835766,28153.00317
TRUE,10,5,16,222.1604704,80244.15464,283.2739922,322.0471529,138936.0686,372.741289,70982.67822
TRUE,10,5,16,113.4164786,34404.54161,185.4846129,160.6171994,61440.7879,247.8725235,71301.91309
TRUE,10,5,16,206.2447699,78021.58508,279.3234417,122.1286356,27678.69487,166.3691524,71931.13599
TRUE,10,5,16,233.6778094,82777.62194,287.7110042,117.4383602,24841.5108,157.6118993,69852.7041
TRUE,10,5,16,273.2908374,102205.9976,319.6967276,314.558135,124370.8959,352.6625808,71423.60327
TRUE,10,5,32,178.2370678,74112.52194,272.2361511,196.268589,65682.27275,256.2855297,39595.81519
TRUE,10,5,32,141.4639786,64288.85151,253.552463,150.1014933,49180.16087,221.7660048,40584.24878
TRUE,10,5,32,203.8169568,84909.406,291.3921859,262.0670223,113321.3548,336.6323734,40745.69434
TRUE,10,5,32,196.0394279,81324.37482,285.1742885,259.1229708,89567.32217,299.2780015,40669.37256
TRUE,10,5,32,166.1343626,73570.30179,271.2384593,238.886548,104648.547,323.4942766,40144.64063
TRUE,10,5,64,226.246408,119607.4203,345.8430574,353.8115718,180924.0612,425.3516912,26397.46875
TRUE,10,5,64,408.9689385,239327.2649,489.2108594,292.1320202,144551.4035,380.1991629,26568.97559
TRUE,10,5,64,222.5843363,122297.7568,349.7109618,285.9084211,134666.927,366.9699266,26446.80542
TRUE,10,5,64,591.955777,434633.1551,659.2671349,454.0063587,260861.2173,510.7457462,26926.83691
TRUE,10,5,64,310.1421703,159764.3046,399.7052721,398.0150275,214600.1545,463.2495597,26349.96631
TRUE,10,6,16,91.1134926,23295.01406,152.6270423,98.33685895,16658.43845,129.0675732,82665.53418
TRUE,10,6,16,161.8002049,49572.96247,222.6498652,103.3133181,18997.25109,137.8305158,83085.79907
TRUE,10,6,16,87.79562898,21770.42318,147.5480369,103.8435261,20564.57299,143.403532,83043.67847
TRUE,10,6,16,128.4031554,31555.63781,177.6390661,163.7974374,37810.22262,194.4485089,84079.33179
TRUE,10,6,16,207.4486778,57099.33847,238.9546787,196.2184068,47262.12021,217.3985285,83421.06812
TRUE,10,6,32,201.1087271,70290.49663,265.1235497,132.916129,31080.84646,176.2976076,46905.77124
TRUE,10,6,32,224.9576029,92897.02493,304.7901326,183.1994446,53520.82949,231.3456926,47423.60083
TRUE,10,6,32,181.3533836,69483.32719,263.5969028,187.1583612,59308.50637,243.5333783,47016.36768
TRUE,10,6,32,169.4840726,63770.52423,252.5282642,210.1249087,63775.85246,252.5388138,46963.11279
TRUE,10,6,32,117.5053048,47411.156,217.7410297,97.60780386,28391.96957,168.4991679,47400.42651
TRUE,10,6,64,423.8734821,241390.1947,491.3147613,498.6778581,282296.4159,531.3157403,29935.00903
TRUE,10,6,64,222.4487375,110396.1753,332.259199,282.0319785,113127.9643,336.3450078,30521.60278
TRUE,10,6,64,386.0884611,209594.3369,457.8147409,247.9796104,101290.687,318.2619785,30152.14478
TRUE,10,6,64,208.5752521,98417.31602,313.7153423,287.3373141,130521.5082,361.2776055,30590.99707
TRUE,10,6,64,185.6481573,102945.9354,320.8518902,185.0160952,76473.226,276.5379287,30030.48242
TRUE,10,7,16,150.1340096,40231.08267,200.5768747,137.7006506,30655.60653,175.0874254,95789.10449
TRUE,10,7,16,121.6079268,31103.02399,176.3604944,130.9947202,33607.14596,183.322519,95589.07544
TRUE,10,7,16,195.8042318,63180.7455,251.3578037,136.1880064,26001.63559,161.2502266,97747.29712
TRUE,10,7,16,83.39842689,20494.10238,143.1576138,76.34691796,11732.74274,108.3177859,95338.02612
TRUE,10,7,16,109.1901916,27687.80031,166.3965153,132.9062533,40507.36131,201.2644065,95129.0752
TRUE,10,7,32,220.5589532,79782.16701,282.457372,232.7076477,83818.31412,289.5139273,53448.56494
TRUE,10,7,32,146.5132885,53541.54123,231.3904519,170.160914,49333.06023,222.1104685,52943.448
TRUE,10,7,32,121.8611658,37523.89217,193.7108468,90.93567224,18305.42561,135.2975447,53966.97827
TRUE,10,7,32,196.7298811,73526.35882,271.1574429,265.9302973,97236.30611,311.8273659,53644.71997
TRUE,10,7,32,214.3879992,74587.62583,273.1073522,183.3223223,46496.19132,215.6297552,53475.09888
TRUE,10,7,64,243.4354829,121566.2822,348.6635659,184.0133837,77135.63762,277.733033,33586.08936
TRUE,10,7,64,203.2898937,91813.17551,303.0068902,166.0961215,58756.00464,242.3963792,34002.5354
TRUE,10,7,64,170.747883,80931.82069,284.4851854,180.8030876,76804.64539,277.1365104,33739.4502
TRUE,10,7,64,266.6984916,117264.4382,342.4389554,188.9138222,64055.25612,253.0913988,34179.16138
TRUE,10,7,64,217.9000428,103869.4309,322.2878075,150.5204704,58207.85506,241.2630412,33902.16797
TRUE,10,8,16,90.7330371,18190.03811,134.8704494,83.80218183,13178.25205,114.7965681,109405.8955
TRUE,10,8,16,87.60242379,19861.96363,140.932479,100.977921,22190.72714,148.9655233,108856.6963
TRUE,10,8,16,174.2663522,55157.5519,234.8564496,250.5166604,102464.9532,320.1014733,109875.9739
TRUE,10,8,16,160.8903908,44743.05382,211.5255394,147.1868796,43045.77437,207.474756,108577.5273
TRUE,10,8,16,102.1099073,23654.07186,153.7988032,119.6083062,25171.51228,158.6553254,108942.9465
TRUE,10,8,32,94.79621003,30136.07476,173.5974503,99.4798736,22151.14793,148.8326171,60528.69141
TRUE,10,8,32,92.04804491,27726.06618,166.5114596,82.03914473,15400.98388,124.1007005,59421.97607
TRUE,10,8,32,214.0707797,72259.60386,268.8114653,154.9183064,36989.19884,192.3257623,61160.37231
TRUE,10,8,32,159.5413608,54748.43298,233.9838306,105.2423622,24680.69018,157.1008917,60288.44141
TRUE,10,8,32,138.0882752,39848.44827,199.6207611,149.1062836,36096.02162,189.9895303,60724.72119
TRUE,10,8,64,154.7906527,60110.01734,245.1734434,115.5196036,38423.73488,196.0197309,37511.16284
TRUE,10,8,64,204.6810201,96391.30768,310.4694956,217.1375045,88328.26922,297.2007221,37626.27148
TRUE,10,8,64,140.1149617,59732.00831,244.4013263,164.3262807,51805.91893,227.6091363,37445.84888
TRUE,10,8,64,127.8139063,54141.41034,232.6830685,159.2712236,49347.06141,222.1419848,37936.32104
TRUE,10,8,64,223.4289904,86421.12549,293.9747021,226.2490132,76715.33719,276.9753368,37287.63599
TRUE,10,9,16,115.8083517,26589.70099,163.0634876,146.4181901,39527.25812,198.8146325,119752.3606
TRUE,10,9,16,74.01111696,15513.39002,124.55276,50.44034637,7214.343835,84.93729355,121823.6267
TRUE,10,9,16,85.67340349,18742.3962,136.9028714,62.77491259,9620.421366,98.08374669,121729.3738
TRUE,10,9,16,68.34836316,13754.35504,117.2789625,67.17424043,8513.524245,92.26876094,121187.8743
TRUE,10,9,16,108.2619984,23085.04002,151.9376188,136.8949324,38385.65868,195.9225834,120388.2312
TRUE,10,9,32,87.4524338,25391.5633,159.347304,96.94960917,19249.95739,138.7442157,66951.13281
TRUE,10,9,32,138.5336006,40174.62018,200.4360751,134.6816188,32768.70164,181.021274,66514.93579
TRUE,10,9,32,106.6308396,27483.45746,165.7813544,85.55504657,17022.11304,130.4688202,66535.68994
TRUE,10,9,32,170.2923044,53690.84714,231.7128549,193.1006036,58278.24293,241.4088709,66819.72119
TRUE,10,9,32,140.7043115,39524.50641,198.8077121,188.5193812,50700.67122,225.1680955,66391.79614
TRUE,10,9,64,181.7150771,75578.29449,274.9150678,146.188393,59536.4966,244.0010176,41387.82666
TRUE,10,9,64,171.0527614,64816.21842,254.5902952,112.9461708,31695.44882,178.0321567,41640.32227
TRUE,10,9,64,153.071831,56438.86836,237.5686603,124.4858912,37134.43154,192.702962,41352.48364
TRUE,10,9,64,383.5775094,188252.7389,433.8810193,279.1152526,108107.7945,328.7974977,41308.79053
TRUE,10,9,64,154.2404526,64328.01758,253.6296859,148.693884,43455.55896,208.4599697,41265.38062
TRUE,10,10,16,103.2727557,19567.34524,139.8833273,144.8678199,27843.16914,166.8627254,134022.0337
TRUE,10,10,16,105.6039209,23742.4292,154.0857852,153.2023792,41042.24594,202.5888594,134686.1257
TRUE,10,10,16,103.0582515,20018.21571,141.4857438,102.2822412,16579.36161,128.7608699,134708.2053
TRUE,10,10,16,114.6977458,25223.53384,158.819186,128.8663683,28113.36493,167.6704056,134270.0024
TRUE,10,10,16,86.45179262,18392.40082,135.6185858,89.00409103,16292.02229,127.6402064,135498.7698
TRUE,10,10,32,187.0535529,63896.628,252.7778234,128.2968789,23669.75096,153.8497675,74413.10327
TRUE,10,10,32,173.3962041,46811.28965,216.3591682,101.0604587,17498.91259,132.2834555,74658.77002
TRUE,10,10,32,95.65152504,22574.02014,150.2465312,124.5896465,26024.53221,161.3212082,74355.8125
TRUE,10,10,32,119.4617052,30007.91664,173.2279326,168.386905,43202.56369,207.8522641,75067.39917
TRUE,10,10,32,240.5349093,86964.20376,294.8969375,308.8781724,139641.3965,373.6862273,75017.08008
TRUE,10,10,64,204.1526999,73495.08239,271.0997646,140.4508626,40350.27897,200.8737887,45620.93286
TRUE,10,10,64,189.1290848,79675.90802,282.269212,218.3427797,74626.16731,273.1779041,45632.15356
TRUE,10,10,64,205.478173,80570.27722,283.8490395,183.615881,51589.83776,227.1339643,45995.9585
TRUE,10,10,64,154.159445,55222.98809,234.9957193,161.0611782,72183.75631,268.6703488,46365.87329
TRUE,10,10,64,143.8429623,55057.27877,234.642875,197.0726196,59220.17258,243.3519521,46555.21826
TRUE,15,5,16,129.4091202,35663.74289,188.8484654,123.8361025,26496.54961,162.7776078,98198.54565
TRUE,15,5,16,188.7037149,61591.6217,248.1765938,132.5639268,29064.64457,170.483561,99923.37231
TRUE,15,5,16,130.1596782,35319.36982,187.9344828,114.442438,24457.14619,156.387807,98481.04663
TRUE,15,5,16,210.4164686,71461.02405,267.3219483,285.1851006,119033.0449,345.011659,97466.76172
TRUE,15,5,16,121.3549788,34189.10085,184.9029498,123.591466,27539.71576,165.9509438,98818.31006
TRUE,15,5,32,580.1763774,365010.3755,604.1608854,599.5444069,376701.7646,613.7603478,55835.96143
TRUE,15,5,32,172.1004862,58491.03928,241.8492077,195.3899486,55633.01719,235.8665241,55401.04688
TRUE,15,5,32,160.3800847,53027.71639,230.2774769,185.535061,60367.48222,245.6979492,56202.5791
TRUE,15,5,32,141.1094742,51306.77116,226.5099803,213.7086618,94061.61523,306.6946612,56004.05566
TRUE,15,5,32,135.9657869,48222.32881,219.5958306,149.6808076,39398.27924,198.4899978,56202.09497
TRUE,15,5,64,382.403207,259644.7767,509.5535072,281.7789608,157948.9728,397.4279466,36201.21362
TRUE,15,5,64,274.3076252,142386.9037,377.3418924,207.6813684,98264.73981,313.4720718,35136.84204
TRUE,15,5,64,261.3000665,154699.5753,393.3186689,156.336053,64818.8858,254.5955337,35818.14502
TRUE,15,5,64,384.8715779,242127.5265,492.0645552,234.6896837,118439.976,344.1510947,36131.65137
TRUE,15,5,64,345.1224656,196866.3887,443.6962798,389.00397,192810.1728,439.1015518,35745.83936
TRUE,15,6,16,94.32452055,24668.05367,157.0606688,69.55134239,19287.43001,138.8791922,116990.2275
TRUE,15,6,16,200.0488015,61023.17661,247.0286959,185.6824926,52749.56542,229.6727355,115678.6963
TRUE,15,6,16,138.3414276,31399.80808,177.1999099,143.6781153,30128.29888,173.5750526,116246.0408
TRUE,15,6,16,118.5327865,33536.25282,183.1290605,82.67775523,15067.2482,122.7487197,119220.0703
TRUE,15,6,16,324.5307235,135580.6344,368.212757,228.0081169,64344.18934,253.6615646,117370.0403
TRUE,15,6,32,166.8338889,54232.59019,232.8789174,228.9581898,87067.46783,295.0719706,65537.30078
TRUE,15,6,32,191.2560347,64988.44822,254.9283198,132.0876231,29090.07333,170.558123,64793.57227
TRUE,15,6,32,171.536033,57588.98818,239.9770576,167.9791877,52344.32159,228.7888144,65962.17407
TRUE,15,6,32,202.7359648,68619.1085,261.9524928,112.5481113,24446.09088,156.3524572,65803.90967
TRUE,15,6,32,203.0536049,74338.47269,272.6508256,260.9677581,101594.7667,318.7393398,66307.32739
TRUE,15,6,64,183.1796381,113700.1295,337.194498,183.8535174,79114.28139,281.2726105,40521.34204
TRUE,15,6,64,327.5916493,177171.5701,420.9175336,211.3340651,82439.44371,287.122698,40743.49902
TRUE,15,6,64,206.8005415,117299.3345,342.4899042,228.4178899,124027.0556,352.1747516,41604.31396
TRUE,15,6,64,174.9769963,85229.7156,291.9412879,224.261324,89759.83511,299.5994578,40121.20435
TRUE,15,6,64,280.9145464,165539.5618,406.8655328,261.0846808,188598.2722,434.2790257,39428.1543
TRUE,15,7,16,258.8475084,111702.7747,334.2196503,150.2166406,37285.86289,193.0954761,132627.2927
TRUE,15,7,16,106.2536154,24307.25289,155.9078346,101.9725324,20797.74005,144.2142158,131987.1814
TRUE,15,7,16,139.7002955,33588.20793,183.2708595,129.036779,23335.84292,152.7607375,132555.4543
TRUE,15,7,16,101.1463555,23857.63602,154.4591727,124.0614955,25466.78776,159.5831688,132195.3462
TRUE,15,7,16,329.6771366,139414.9247,373.3830804,253.3887085,75332.38889,274.4674642,131776.5933
TRUE,15,7,32,550.2618252,335193.1026,578.9586363,474.3391437,245697.4551,495.6787822,72475.94556
TRUE,15,7,32,142.2232724,44565.95969,211.1065127,199.332198,59866.51125,244.6763398,72865.60522
TRUE,15,7,32,119.2288401,36569.38342,191.2312302,131.9639065,31493.65776,177.4645254,72147.45581
TRUE,15,7,32,130.825096,37415.67448,193.4313172,104.3742466,19760.96608,140.5737034,71839.46777
TRUE,15,7,32,241.0260503,77869.59404,279.0512391,238.4193501,71336.13019,267.0882442,72296.01294
TRUE,15,7,64,684.7495894,582859.79,763.452546,476.7340444,301848.8827,549.4077563,44835.25464
TRUE,15,7,64,182.4964647,79943.15965,282.7422141,238.2735398,93548.05392,305.8562635,44840.79199
TRUE,15,7,64,358.6648366,192089.6744,438.2803605,238.6141022,91639.0164,302.719369,45222.06152
TRUE,15,7,64,314.5033441,147331.3475,383.8376577,205.4693711,70219.84948,264.9902819,45018.04834
TRUE,15,7,64,191.6341452,97295.34958,311.9220248,168.4379367,63790.41361,252.5676417,45679.82642
TRUE,15,8,16,293.7111519,101183.0151,318.0927775,300.7242532,100319.464,316.7324801,147467.1101
TRUE,15,8,16,166.5274826,39462.77599,198.6523999,127.1485848,23817.50541,154.3292111,149477.2437
TRUE,15,8,16,101.2101715,25228.09833,158.8335554,113.7407542,21774.47375,147.5617625,151966.728
TRUE,15,8,16,164.308106,44765.07031,211.5775752,159.6812814,36473.34095,190.9799491,149872.2341
TRUE,15,8,16,93.73522835,22211.89663,149.0365614,92.45841695,15529.47073,124.6172971,150327.8611
TRUE,15,8,32,164.9709097,44728.61944,211.4914169,112.774552,23630.59123,153.7224487,81760.06934
TRUE,15,8,32,115.6791209,31210.0383,176.6636304,104.8548746,20251.58961,142.3080799,81556.78198
TRUE,15,8,32,175.6246276,51374.1075,226.6585703,242.817926,78662.15657,280.467746,80711.79907
TRUE,15,8,32,190.7008979,53478.8237,231.254889,129.6182206,28377.9029,168.4574216,81108.35474
TRUE,15,8,32,185.1234501,58543.11947,241.9568546,240.3188262,79066.33551,281.1873673,80572.12256
TRUE,15,8,64,288.9540358,130091.8331,360.6824546,377.2762597,171724.0508,414.3960073,50696.60376
TRUE,15,8,64,251.1165373,93236.13292,305.3459234,196.0489537,52676.15573,229.5128661,50227.50952
TRUE,15,8,64,314.3467367,133537.2904,365.4275447,254.9965984,85022.11789,291.5855242,50630.07861
TRUE,15,8,64,165.6278421,74282.30766,272.547808,186.6809624,62205.19725,249.4096976,50308.43579
TRUE,15,8,64,169.8076001,74336.21005,272.6466762,157.8439835,55663.58799,235.9313205,50608.18262
TRUE,15,9,16,148.6709593,41735.39301,204.2924203,191.60369,59459.10258,243.8423724,166109.3904
TRUE,15,9,16,89.63780012,20204.04224,142.1409239,111.476451,30018.59533,173.2587525,167214.8645
TRUE,15,9,16,188.494564,54016.89498,232.4153501,247.9063682,73133.95696,270.4329066,166596.3362
TRUE,15,9,16,167.524469,46251.83543,215.0623989,123.3216535,22438.82735,149.7959524,166812.1638
TRUE,15,9,16,217.5222749,67518.99453,259.8441736,273.2206602,91318.35018,302.1892622,166735.1399
TRUE,15,9,32,294.3771181,126885.8873,356.2104536,186.8710737,51662.77742,227.2944729,91588.12329
TRUE,15,9,32,144.655865,36223.1264,190.323741,137.916782,30495.99951,174.6310382,90774.7749
TRUE,15,9,32,95.77107794,25715.13172,160.359383,88.01800548,15731.70818,125.4261064,91188.56543
TRUE,15,9,32,196.2307533,62198.13192,249.3955331,266.1066287,90266.85659,300.4444318,91040.17944
TRUE,15,9,32,243.1383341,80263.75193,283.3085808,203.6393903,54836.95927,234.172926,90054.88721
TRUE,15,9,64,236.2102336,109422.2556,330.7903499,200.7966019,75641.09584,275.0292636,56163.14551
TRUE,15,9,64,208.3200814,80412.56597,283.5710951,274.4574313,99161.91148,314.8998436,55476.34741
TRUE,15,9,64,123.9504401,41361.26766,203.3746977,175.1487193,57157.87901,239.0771403,55397.99854
TRUE,15,9,64,167.1691327,66248.355,257.387558,237.6722502,91243.55931,302.0654885,55856.57666
TRUE,15,9,64,108.8348801,33919.70219,184.1730224,122.4688055,35494.32303,188.3993711,56165.08838
TRUE,15,10,16,77.66769533,15852.20324,125.905533,73.30634871,11127.15204,105.4853167,183429.6812
TRUE,15,10,16,145.263923,33686.74563,183.5394934,106.6653406,17578.03848,132.5821952,187440.2908
TRUE,15,10,16,115.5382882,25307.8524,159.0844191,119.9703582,20685.85309,143.8257734,184542.2102
TRUE,15,10,16,135.0119666,30746.72168,175.3474313,152.4247725,32351.22011,179.8644493,186117.6331
TRUE,15,10,16,290.5253827,96616.29327,310.8316156,331.8247032,119066.0424,345.0594766,185375.5952
TRUE,15,10,32,203.1704139,59992.32411,244.9333054,147.6985007,30498.10904,174.6370781,99694.41699
TRUE,15,10,32,380.713703,163374.7667,404.1964456,413.1094687,181608.7827,426.1558197,100313.8259
TRUE,15,10,32,184.3477338,56764.94414,238.2539488,127.7220267,26338.63206,162.2918114,99348.40601
TRUE,15,10,32,139.0142351,36296.24973,190.5157467,111.6510638,20870.52804,144.4663561,100099.0425
TRUE,15,10,32,177.9813463,55297.59159,235.1543995,199.9325934,67108.5026,259.0530884,99700.67627
TRUE,15,10,64,210.1838333,70301.66754,265.1446163,141.9328914,33186.12407,182.1705906,60850.5874
TRUE,15,10,64,147.9319103,51600.19099,227.1567542,206.6943579,71643.89938,267.6637805,61008.64355
TRUE,15,10,64,208.3700196,69527.50321,263.6806842,182.9142926,51021.99879,225.8804967,61205.68262
TRUE,15,10,64,185.9175058,56922.75707,238.5849054,119.268966,25547.85161,159.8369532,61439.34131
TRUE,15,10,64,496.0967783,321142.8256,566.6946493,392.7762896,196806.0067,443.6282303,61302.97461
TRUE,20,5,16,84.30794506,21995.96669,148.3103728,84.66484632,15245.72757,123.4735906,123177.9631
TRUE,20,5,16,86.42418503,22744.31143,150.8121727,71.14069829,13539.87977,116.3609891,125977.4656
TRUE,20,5,16,190.709295,57345.19915,239.4685765,174.7468173,44858.45579,211.7981487,126052.3896
TRUE,20,5,16,112.8577486,34252.37753,185.0739785,152.3284653,47809.00617,218.6527068,121446.2083
TRUE,20,5,16,103.6568411,28101.33112,167.6345165,92.89348651,20291.0373,142.4466121,118879.3328
TRUE,20,5,32,220.1297836,84061.83163,289.934185,172.1065969,52368.91782,228.8425612,67499.75122
TRUE,20,5,32,154.9012786,54248.76286,232.9136382,152.6231834,42901.19895,207.126046,67177.44092
TRUE,20,5,32,148.2400489,51340.20276,226.5837654,97.94180425,20107.5942,141.8012489,67123.74316
TRUE,20,5,32,150.4467898,58410.70964,241.6830769,147.8359647,37616.83781,193.9506066,67058.60718
TRUE,20,5,32,256.2448908,105209.3043,324.3598377,300.1279735,143251.9291,378.4863658,67411.479
TRUE,20,5,64,406.6212405,225244.4591,474.5992616,314.8400468,139434.6982,373.4095583,42257.5874
TRUE,20,5,64,142.1459102,64724.79014,254.4106722,144.9169786,45683.95448,213.7380511,43943.90967
TRUE,20,5,64,249.8229102,124842.9261,353.3311847,312.0772005,134987.5861,367.4065679,44276.86035
TRUE,20,5,64,168.4955488,99240.81574,315.0251033,184.3963103,112054.7649,334.7458214,42189.75146
TRUE,20,5,64,256.2751772,147958.7449,384.6540587,195.205447,87084.21763,295.1003518,44235.12036
TRUE,20,6,16,189.4427224,57331.70688,239.4404036,153.015578,35833.51573,189.2974266,141789.5508
TRUE,20,6,16,219.1511463,71393.55311,267.1957206,294.7890638,104632.1669,323.4689581,141500.0508
TRUE,20,6,16,109.2602459,28757.49399,169.5803467,110.3281302,20257.98429,142.3305459,143393.6958
TRUE,20,6,16,106.637554,26947.32219,164.1563955,104.4270434,25618.99947,160.0593623,143373.8569
TRUE,20,6,16,190.0152787,60160.82683,245.277041,144.68245,31150.16156,176.4940836,139336.5271
TRUE,20,6,32,151.0700938,44263.71184,210.389429,155.843649,38126.21201,195.2593455,78933
TRUE,20,6,32,155.2414836,54032.63013,232.449199,151.0364149,39538.88944,198.8438821,78951.05298
TRUE,20,6,32,147.2668615,51300.10205,226.4952583,146.455374,36287.44913,190.4926485,79275.58569
TRUE,20,6,32,147.2090935,44918.65279,211.9402104,172.7102555,39657.94496,199.1430264,79134.37524
TRUE,20,6,32,213.3776119,76027.1253,275.7301676,269.9658945,97615.1168,312.4341799,79667.22119
TRUE,20,6,64,224.0903352,99663.88581,315.6958755,179.0261338,87671.3146,296.0934221,49290.86694
TRUE,20,6,64,202.5529505,77327.49774,278.0782223,231.870279,76675.7592,276.9038808,49654.15479
TRUE,20,6,64,376.8852643,207754.4886,455.8009309,265.8595259,108342.7534,329.1546042,49586.59424
TRUE,20,6,64,235.5577676,155817.4109,394.7371415,285.1922671,187427.3453,432.9287993,49356.70776
TRUE,20,6,64,174.1058082,73288.16732,270.717874,134.3106283,41908.93717,204.7167242,51244.63501
TRUE,20,7,16,113.9099061,26182.04086,161.8086551,124.8047208,22624.67005,150.4149928,166128.7036
TRUE,20,7,16,308.3931495,114041.4329,337.7002116,373.0329415,148503.0196,385.3608953,163579.5295
TRUE,20,7,16,127.4791062,31135.96639,176.4538648,112.5919947,22574.67356,150.2487057,166797.2849
TRUE,20,7,16,126.583301,32034.47389,178.9817697,145.6514535,41110.78895,202.7579566,163848.4492
TRUE,20,7,16,93.42072956,21996.13755,148.3109489,96.00800744,17186.1358,131.0959031,164305.6365
TRUE,20,7,32,206.6261026,67762.91411,260.3131078,166.3226612,37706.71653,194.1821736,90674.67798
TRUE,20,7,32,227.6572168,77485.88519,278.362866,202.6343504,51264.36788,226.4163596,91892.56104
TRUE,20,7,32,166.7452126,59115.63574,243.1370719,105.7186043,26522.8208,162.8582844,90577.77271
TRUE,20,7,32,194.3085754,55073.81435,234.678108,187.0485364,53495.65872,231.2912854,91529.67505
TRUE,20,7,32,226.003128,82591.21802,287.3868787,289.8981689,110749.8339,332.7909762,91300.39331
TRUE,20,7,64,115.8334012,47028.31379,216.8601249,131.9436315,43053.84635,207.494208,56447.78516
TRUE,20,7,64,121.4729753,45898.95085,214.2404043,135.0305669,36955.83468,192.2390041,55755.1001
TRUE,20,7,64,127.2071806,47191.96627,217.2371199,152.9515806,51689.20359,227.3525975,56311.48706
TRUE,20,7,64,161.8511357,66937.07047,258.7219946,196.3812567,65846.55226,256.6058305,56003.69092
TRUE,20,7,64,140.8096228,52646.06827,229.4473104,156.3266679,47112.64343,217.0544711,56530.36182
TRUE,20,8,16,213.8858636,79702.55455,282.3164086,126.6816033,30567.0546,174.8343633,188381.7302
TRUE,20,8,16,143.8546737,39307.87287,198.2621317,189.1660609,54021.78025,232.4258597,188334.6331
TRUE,20,8,16,130.0408448,33264.66686,182.386038,154.6041194,46405.74574,215.4199288,190086.3591
TRUE,20,8,16,219.8311765,71854.37626,268.0566661,287.9578283,99051.51454,314.7245058,190393.3113
TRUE,20,8,16,94.89010205,22170.02901,148.8960342,97.91111301,20049.8316,141.5974279,189969.4875
TRUE,20,8,32,181.8256497,52256.98682,228.5978714,143.5277121,32408.73049,180.0242497,103386.1294
TRUE,20,8,32,133.1508416,34684.23347,186.2370357,144.942029,35171.93132,187.5418122,103359.2588
TRUE,20,8,32,171.5162479,52501.45508,229.13196,110.1861047,20278.13074,142.4013017,103622.2231
TRUE,20,8,32,188.768963,55139.25239,234.8174874,197.034999,59579.34468,244.0888049,102955.2432
TRUE,20,8,32,133.1691917,35179.40535,187.5617374,88.72558954,14382.78303,119.9282412,103196.7476
TRUE,20,8,64,138.4064874,48707.43443,220.6976086,118.5541731,30353.6017,174.2228507,62530.64966
TRUE,20,8,64,185.8887904,69161.3471,262.9854504,305.6153966,140588.8946,374.9518564,62559.89771
TRUE,20,8,64,167.8322999,65961.50849,256.8297267,140.2676772,36221.88386,190.3204767,62782.00366
TRUE,20,8,64,212.617983,85127.16208,291.7655944,278.8375147,102004.9887,319.3821985,63742.26904
TRUE,20,8,64,274.9882384,108072.3914,328.743656,186.7084339,52424.62392,228.9642416,62956.28809
TRUE,20,9,16,108.0837536,22817.52396,151.0547052,112.4583608,20886.50148,144.5216298,208316.7712
TRUE,20,9,16,187.8184744,50930.31068,225.6774483,218.9426285,58303.98052,241.462172,208422.6973
TRUE,20,9,16,106.1439489,26862.91908,163.8991125,130.4852195,39321.87474,198.2974401,205203.1614
TRUE,20,9,16,88.23280056,20526.17507,143.2695888,93.308029,18786.21943,137.0628302,204943.1858
TRUE,20,9,16,155.9003285,41755.47,204.3415523,173.8111072,58412.07151,241.6858943,207615.031
TRUE,20,9,32,91.79325986,23049.64072,151.8210813,102.7944032,20409.33607,142.8612476,114173.585
TRUE,20,9,32,154.7663589,42218.65733,205.4717921,160.7307895,40375.67257,200.9369866,115033.0542
TRUE,20,9,32,120.6842927,31400.58042,177.2020892,136.4797778,37483.79192,193.6073137,114549.249
TRUE,20,9,32,137.9388371,34780.96944,186.4965668,133.5542486,26043.68615,161.3805631,114870.2939
TRUE,20,9,32,178.9282285,58608.59169,242.0921141,127.9218021,29105.51965,170.6033987,114949.2451
TRUE,20,9,64,270.1694815,99804.28439,315.9181609,201.4186567,52524.99026,229.1833115,69067.27393
TRUE,20,9,64,143.3768136,43026.6796,207.4287338,101.4579599,22584.28862,150.2806994,69757.30542
TRUE,20,9,64,279.4000303,112897.1928,336.001775,193.6641154,62226.97824,249.4533588,69657.17749
TRUE,20,9,64,208.2729397,80745.02195,284.1566856,269.4600615,94158.09052,306.8519032,69231.55688
TRUE,20,9,64,160.3548161,53733.81405,231.8055522,155.2384001,39803.71715,199.5086894,69986.46191
TRUE,20,10,16,164.0877649,44365.30831,210.6307392,217.220562,74383.69551,272.7337447,232047.2708
TRUE,20,10,16,127.9117875,28279.06535,168.1638051,146.7597919,28705.50736,169.4269971,235125.7859
TRUE,20,10,16,73.7824933,14975.06991,122.3726681,61.54117332,9083.295147,95.3063227,231495.4609
TRUE,20,10,16,154.3418556,36812.7444,191.8664754,170.5739498,34923.31351,186.8778037,231589.5908
TRUE,20,10,16,118.4278782,27838.25624,166.8480034,82.98886402,14417.03107,120.0709418,230952.6357
TRUE,20,10,32,168.7263961,44166.10148,210.1573256,161.702076,37897.54374,194.6729148,127104.8225
TRUE,20,10,32,129.8650644,31564.68964,177.6645424,127.0787828,28284.78224,168.1808022,126931.5271
TRUE,20,10,32,239.7813957,82537.34025,287.293126,298.3553248,114936.8257,339.0233409,126891.5002
TRUE,20,10,32,220.767343,68287.19546,261.3181881,161.6736993,37274.83047,193.0669067,126129.7266
TRUE,20,10,32,109.3512662,27700.50222,166.4346785,121.1715911,23389.01246,152.9346673,126076.4641
TRUE,20,10,64,139.3719223,40011.53139,200.0288264,209.2445932,59300.11868,243.5161569,77493.87378
TRUE,20,10,64,134.3078188,49230.67097,221.8798571,176.3704314,66163.22421,257.2221301,76653.47607
TRUE,20,10,64,159.2513088,54508.78098,233.4711566,224.0318932,83409.00455,288.8061712,76397.59644
TRUE,20,10,64,196.0262642,58979.34562,242.8566359,233.3609701,67032.01913,258.9054251,77029.28247
TRUE,20,10,64,159.8954119,46607.67183,215.8881003,137.6808966,35393.22825,188.1308806,76266.33252
TRUE,25,5,16,131.0387065,34612.39827,186.0440762,147.086672,29117.98191,170.6399189,143410.2361
TRUE,25,5,16,133.2061776,36146.38958,190.1220386,135.565948,30710.77866,175.2449105,145812.6396
TRUE,25,5,16,206.6382441,78477.88253,280.1390414,238.7835382,102785.5651,320.6018794,146806.4619
TRUE,25,5,16,189.4684263,55027.56398,234.5795472,189.4430417,45101.2083,212.3704506,146344.2876
TRUE,25,5,16,95.33863223,26972.88207,164.2342293,62.51881812,11525.10299,107.3550325,145466.6777
TRUE,25,5,32,151.055301,45162.78013,212.5153644,193.1959368,53271.54743,230.8062985,80708.50391
TRUE,25,5,32,152.2428955,47503.38436,217.9527113,174.8573082,60386.22011,245.7360782,81252.15527
TRUE,25,5,32,120.6719519,36075.68478,189.9360018,76.40805639,15317.24724,123.762867,83285.53442
TRUE,25,5,32,144.0833187,52350.38608,228.8020675,160.4675643,59050.42839,243.0029391,82873.00537
TRUE,25,5,32,205.4916741,70603.66564,265.7135029,185.6553679,55731.16664,236.0744938,82024.30737
TRUE,25,5,64,294.3343172,153811.5388,392.1881421,364.1575332,177460.3811,421.2604671,51345.95288
TRUE,25,5,64,191.6270453,92683.33723,304.4393819,197.2391473,85422.33323,292.2709928,50836.854
TRUE,25,5,64,210.4249185,115362.4066,339.6504182,193.3605996,122291.7547,349.7023802,51138.46606
TRUE,25,5,64,163.456941,83503.94365,288.9704892,183.2280645,69648.67527,263.9103546,51293.25
TRUE,25,5,64,148.89545,61106.28677,247.1968583,149.3568383,61023.36389,247.029075,50701.78833
TRUE,25,6,16,120.6822593,31076.50718,176.2853005,81.76318523,14399.96238,119.9998433,172983.7559
TRUE,25,6,16,209.4527318,57253.68777,239.2774285,184.8189448,42105.44907,205.1961234,172266.342
TRUE,25,6,16,185.2430237,55136.45586,234.8115326,142.047603,29476.26248,171.6865239,173472.7378
TRUE,25,6,16,127.7349652,35873.83746,189.4039003,159.239703,46685.08741,216.0673215,175082.292
TRUE,25,6,16,117.660689,30691.13744,175.1888622,125.7981817,32320.31927,179.7785284,167663.1121
TRUE,25,6,32,131.7010097,37481.0176,193.6001488,129.1782062,26100.57736,161.5567311,97007.62842
TRUE,25,6,32,132.2223763,45802.40516,214.0149648,125.910186,30736.55459,175.3184377,95493.55078
TRUE,25,6,32,122.9740324,36626.10732,191.3794851,91.74241461,20639.26774,143.6637315,95553.41406
TRUE,25,6,32,134.0344606,44754.09492,211.5516365,181.3430881,62087.53598,249.1737064,96480.83032
TRUE,25,6,32,285.687738,130347.9253,361.0372907,152.458083,42170.62323,205.3548715,96550.70068
TRUE,25,6,64,175.2763121,79504.83022,281.966009,229.9489006,98139.07272,313.2715638,59045.38721
TRUE,25,6,64,207.9867068,109403.3708,330.7618037,235.867881,93603.15626,305.946329,59813.81421
TRUE,25,6,64,223.0282626,128616.3089,358.63116,256.2465288,165479.5879,406.7918238,59543.63379
TRUE,25,6,64,140.3424951,46992.45306,216.7774275,132.22939,42359.96984,205.815378,59608.40039
TRUE,25,6,64,290.2002926,148224.0627,384.9987827,211.5772278,79113.38671,281.27102,59254.3269
TRUE,25,7,16,134.898241,35138.12279,187.4516545,114.3997623,27036.2061,164.426902,199704.2153
TRUE,25,7,16,111.4991307,27388.1326,165.4936029,101.3507712,21641.36731,147.1100517,200452.3953
TRUE,25,7,16,128.4272455,33633.96082,183.3956401,165.0688424,41617.93396,204.00474,206508.967
TRUE,25,7,16,169.0160686,40315.22423,200.7865141,186.1968833,43138.28172,207.6975727,196618.5034
TRUE,25,7,16,131.5809401,32227.50367,179.5202041,156.1353287,33491.31153,183.0063155,199202.3447
TRUE,25,7,32,168.633885,53581.93276,231.4777155,194.0675805,70522.22154,265.5602032,110987.333
TRUE,25,7,32,203.5760887,78672.81831,280.4867525,255.3914658,132146.0331,363.5189584,110764.6067
TRUE,25,7,32,132.2928822,36971.97861,192.2809887,161.34497,47443.52609,217.8153486,111154.5322
TRUE,25,7,32,129.4570575,38031.98568,195.0179112,123.9774537,28590.80076,169.088145,111169.0667
TRUE,25,7,32,169.2761888,53649.46238,231.6235359,144.3169724,41180.52299,202.9298475,109607.8677
TRUE,25,7,64,262.516026,103521.8552,321.7481239,201.5582358,57416.4597,239.6173193,67902.24536
TRUE,25,7,64,167.6062534,54785.45158,234.0629223,116.980268,27935.52446,167.1392367,67430.75586
TRUE,25,7,64,250.8467376,97930.34042,312.9382374,211.2671822,66891.70263,258.6343029,68033.70215
TRUE,25,7,64,141.199273,44703.47947,211.4319736,166.3775945,58490.73796,241.8485848,68067.56714
TRUE,25,7,64,221.7834448,79323.84528,281.6448922,178.4453651,52104.03966,228.2630931,67645.9541
TRUE,25,8,16,158.9522462,42084.04435,205.1439601,134.0871929,28426.22517,168.6007864,233202.8416
TRUE,25,8,16,92.6215273,22820.8739,151.0657933,85.99186722,12700.82237,112.6979253,233687.6299
TRUE,25,8,16,96.73542918,23871.21738,154.5031307,126.1341675,33621.89824,183.3627504,228239.4119
TRUE,25,8,16,153.7095099,36895.56231,192.0821759,148.7143497,33760.04252,183.739061,222654.2466
TRUE,25,8,16,180.5627696,59566.61389,244.0627253,273.3374203,122572.2603,350.1032137,227257.3494
TRUE,25,8,32,136.5388634,39139.04866,197.8359135,175.800937,54771.83706,234.0338374,126092.9585
TRUE,25,8,32,102.3203163,28663.61124,169.3033114,76.79900075,13563.95543,116.4643956,125598.6877
TRUE,25,8,32,170.621152,47191.01869,217.2349389,127.466863,26785.18578,163.661803,124681.4229
TRUE,25,8,32,173.6612783,54229.75658,232.8728335,199.6018299,68738.42749,262.1801432,124543.3735
TRUE,25,8,32,123.1893407,32001.0389,178.888342,152.3955693,43616.23183,208.8449947,125791.7478
TRUE,25,8,64,142.2926984,66659.19611,258.1844227,121.1530732,35391.03886,188.1250618,75465.32397
TRUE,25,8,64,114.3018352,33905.24174,184.1337605,125.6879131,29246.69141,171.0166407,75674.69897
TRUE,25,8,64,128.0427556,40319.2021,200.7964195,132.8009819,52627.00241,229.4057593,76164.34985
TRUE,25,8,64,220.2275252,78059.04089,279.390481,252.9774127,97492.86734,312.2384783,76651.01367
TRUE,25,8,64,193.2943332,70143.84737,264.8468376,140.1755069,36153.73007,190.1413424,76109.49829
TRUE,25,9,16,92.06200707,19452.21776,139.4712077,121.2000624,26673.77539,163.3210807,251985.5217
TRUE,25,9,16,165.3828224,48578.96435,220.4063619,119.0088291,22374.08711,149.5797015,251223.8145
TRUE,25,9,16,95.94174866,22469.42663,149.8980541,99.0100515,18123.2698,134.6226942,255320.0505
TRUE,25,9,16,112.894237,27396.5203,165.5189424,143.2397796,39921.4676,199.8035725,253590.1467
TRUE,25,9,16,207.5965078,60457.96003,245.8820043,180.7924578,49462.701,222.4021155,256621.04
TRUE,25,9,32,222.440435,75373.84714,274.5429787,143.990596,32412.10687,180.0336271,138505.4851
TRUE,25,9,32,212.2634018,60733.67945,246.4420408,252.2713989,72096.64856,268.5081909,139959.4568
TRUE,25,9,32,202.2902602,57681.57775,240.1698935,231.1736752,62082.06688,249.1627317,139209.0681
TRUE,25,9,32,156.3971707,41716.84841,204.2470279,140.4474893,28414.04909,168.5646733,139807.1731
TRUE,25,9,32,158.9854989,46079.37656,214.6610737,110.6031541,22595.98652,150.3196146,139486.6882
TRUE,25,9,64,271.8155597,99762.93194,315.8527061,229.7662683,68332.25075,261.4043817,84691.30176
TRUE,25,9,64,197.4069486,72636.80035,269.5121525,194.9449902,69553.11318,263.7292422,84153.14673
TRUE,25,9,64,123.7031801,36086.85948,189.9654165,171.1364008,49260.4021,221.9468452,84519.39282
TRUE,25,9,64,210.1389401,79949.53792,282.7534932,255.6109688,92419.14336,304.00517,84213.41333
TRUE,25,9,64,155.5628645,47598.76321,218.1714079,110.1630969,23690.46861,153.9170836,83806.00195
TRUE,25,10,16,91.96469544,18215.32462,134.9641605,97.66713636,16186.58842,127.226524,276932.7568
TRUE,25,10,16,133.9313596,31597.12133,177.7557913,159.4762815,32069.27312,179.0789578,278353.3892
TRUE,25,10,16,167.0162626,38267.49182,195.6207858,127.8674242,23625.79597,153.7068508,274687.8809
TRUE,25,10,16,186.7848116,53299.40025,230.8666287,145.6363945,28854.23406,169.8653409,285094.9004
TRUE,25,10,16,160.8159412,40710.57979,201.7686293,195.251541,53632.08695,231.586025,277579.9675
TRUE,25,10,32,112.5626662,27074.68936,164.5438828,95.71611636,16728.23669,129.3376847,154157.385
TRUE,25,10,32,136.7244502,34181.19859,184.8815799,157.059855,34824.52247,186.6132966,153331.3821
TRUE,25,10,32,109.1155952,29814.89708,172.6699078,136.7890273,35615.2235,188.7199605,153278.373
TRUE,25,10,32,116.1322703,29425.41688,171.5383831,105.8597567,21043.40645,145.0634566,153717.9277
TRUE,25,10,32,177.4919658,52750.91811,229.6756803,164.9566995,47589.44371,218.1500486,154533.4924
TRUE,25,10,64,106.5356101,32385.54895,179.9598537,91.23472292,20415.95051,142.8843956,92597.56177
TRUE,25,10,64,152.3841388,48444.55325,220.1012341,170.162402,51461.79373,226.8519203,92453.07397
TRUE,25,10,64,110.0796112,32242.07912,179.560795,91.77298132,17746.21101,133.2149054,92254.90039
TRUE,25,10,64,171.0590518,49488.85803,222.4609135,148.274495,44264.45762,210.3912014,93062.27222
TRUE,25,10,64,153.8872539,45554.86144,213.4358485,174.8480776,55425.63509,235.4264961,93256.47632
FALSE,5,5,16,223.9451501,76882.37785,277.2767171,216.021183,59154.4002,243.2167762,26336.74121
FALSE,5,5,16,180.5382143,63737.29635,252.4624652,115.8710795,25736.41256,160.4257229,26782.92578
FALSE,5,5,16,116.7400095,41612.85883,203.9923009,111.0602681,27215.97983,164.9726639,26751.93921
FALSE,5,5,16,131.0580031,52754.30066,229.6830439,89.48748292,23945.70486,154.7439978,26882.32397
FALSE,5,5,16,133.8039967,47343.35665,217.5852859,111.3515811,29054.12143,170.4526956,26575.71069
FALSE,5,5,32,186.9220637,92898.85078,304.7931278,210.4185205,86843.65178,294.6924698,15567.25781
FALSE,5,5,32,178.9787451,91465.27897,302.4322717,222.8883746,81736.57597,285.896093,15283.0332
FALSE,5,5,32,199.4108542,101226.8056,318.161603,117.1079493,41448.48598,203.5890124,15162.4043
FALSE,5,5,32,176.0677494,83256.80997,288.5425618,197.833748,66045.24507,256.9926946,15421.32446
FALSE,5,5,32,188.3044739,82714.66795,287.6015785,135.8276543,46925.19596,216.6222425,15201.65137
FALSE,5,5,64,163.3632929,96873.04659,311.2443519,154.0629692,55506.69179,235.5985819,10009.94312
FALSE,5,5,64,212.4103729,114511.7348,338.3958256,177.9903217,72879.43392,269.961912,10188.30273
FALSE,5,5,64,194.5375442,106426.0331,326.2300309,217.4002119,94021.52555,306.6292966,10368.27002
FALSE,5,5,64,262.4116359,131222.3548,362.2462627,185.1526441,75852.84932,275.4139599,10100.81104
FALSE,5,5,64,160.0199122,87755.62916,296.2357662,169.4726267,60859.69312,246.6975742,10113.65479
FALSE,5,6,16,171.9764785,46532.96882,215.7150176,116.9902976,23593.97041,153.6032891,31938.11157
FALSE,5,6,16,115.8168436,36509.85462,191.0755207,111.9645664,23604.83888,153.6386634,31127.99634
FALSE,5,6,16,136.2333757,44103.07221,210.0073147,148.4806033,35834.14707,189.2990942,31823.22925
FALSE,5,6,16,124.5226757,33219.05027,182.2609401,111.5319531,20822.07298,144.298555,32008.51733
FALSE,5,6,16,151.6720818,45369.54781,213.0012859,160.094846,37505.42939,193.6631854,31537.70215
FALSE,5,6,32,189.7658446,66452.83907,257.7844818,136.3817427,37794.33524,194.4076522,17548.84888
FALSE,5,6,32,135.156286,55752.48862,236.119649,116.2580388,30917.2533,175.8330268,17564.32642
FALSE,5,6,32,163.7262245,61163.47121,247.3124971,96.40281943,26860.74584,163.8924826,17294.71265
FALSE,5,6,32,142.2636415,59310.97681,243.5384504,101.6097536,29041.32012,170.4151405,17937.18286
FALSE,5,6,32,148.6308564,70130.63104,264.8218855,146.5161252,43123.25766,207.6614015,17677.29956
FALSE,5,6,64,225.2135606,106203.294,325.8884687,172.0237858,62001.22861,249.0004591,11384.44189
FALSE,5,6,64,161.427682,88555.93793,297.5834974,149.1864484,59743.14311,244.424105,11445.15771
FALSE,5,6,64,179.9456096,98965.25063,314.5874292,237.1135819,98007.49465,313.061487,11223.27393
FALSE,5,6,64,253.1296831,127604.8852,357.2182599,159.8224629,64655.06585,254.2736043,11381.20313
FALSE,5,6,64,220.0534914,106395.8,326.1836906,324.1560112,155999.0272,394.9671217,11363.40723
FALSE,5,7,16,171.1668568,44185.80529,210.204199,123.6842226,24624.79491,156.9228948,36206.74756
FALSE,5,7,16,174.2286141,57839.97767,240.4994338,129.0140964,30093.47336,173.4747053,35561.29834
FALSE,5,7,16,90.83329609,29416.44553,171.5122314,71.12228967,14294.70978,119.5604859,35969.12524
FALSE,5,7,16,107.2340912,35408.09388,188.1703852,88.95086396,19771.29506,140.6104372,36622.34863
FALSE,5,7,16,178.6885668,53564.45128,231.4399518,178.1707762,58478.59795,241.8234851,35479.07202
FALSE,5,7,32,215.5625785,86953.30208,294.8784531,137.3656017,46629.39574,215.9384073,20040.94141
FALSE,5,7,32,125.7057415,50753.29625,225.2849224,137.1620967,36376.10621,190.7252113,19737.39966
FALSE,5,7,32,118.8336718,50098.10206,223.8260531,108.6032109,28352.75227,168.3827552,20680.73413
FALSE,5,7,32,134.4906032,41371.67204,203.4002754,77.70822238,18080.93776,134.4653775,20026.72241
FALSE,5,7,32,140.8939353,48626.83229,220.5149253,74.27810456,18771.57429,137.0093949,20201.96973
FALSE,5,7,64,187.6941947,99941.58297,316.1353871,173.7758532,112710.2903,335.7235326,12980.56665
FALSE,5,7,64,166.627625,82736.55261,287.6396228,158.812709,84191.32879,290.1574207,13095.84229
FALSE,5,7,64,169.0378311,90312.09136,300.5197021,190.1362932,68436.91594,261.6045029,12622.37573
FALSE,5,7,64,180.8691945,88035.90801,296.7084563,156.6413026,54662.20227,233.7994916,12618.93188
FALSE,5,7,64,203.3062314,96146.15472,310.0744342,134.8840792,54432.29247,233.3072919,12990.55029
FALSE,5,8,16,122.5448238,28804.56175,169.7190671,161.3638837,43777.06516,209.2296947,40544.68408
FALSE,5,8,16,157.8200643,41582.01723,203.9166919,193.0265198,53055.08507,230.3368947,41469.69751
FALSE,5,8,16,155.0951493,43160.17734,207.7502764,141.6782495,27568.63755,166.0380606,41703.34351
FALSE,5,8,16,150.347755,37858.27517,194.5720308,111.7326819,20262.35079,142.3458843,40749.20679
FALSE,5,8,16,91.83916645,20548.98888,143.3491851,119.1868819,26223.49208,161.9366916,40509.3396
FALSE,5,8,32,177.8608704,66618.20936,258.1050355,133.74999,35674.88487,188.8779629,22193.81299
FALSE,5,8,32,117.835268,34570.5284,185.9315153,102.3322632,19312.58209,138.9697164,22702.11621
FALSE,5,8,32,91.03695749,28814.18033,169.7474016,65.27109534,15062.52063,122.7294611,22011.79346
FALSE,5,8,32,100.6917021,37110.65796,192.6412676,78.95830071,20054.36008,141.6134177,22448.42188
FALSE,5,8,32,144.7654853,44561.26249,211.0953872,100.0797287,27348.21622,165.372961,22391.94385
FALSE,5,8,64,180.9871886,95639.36411,309.2561464,233.1790212,115960.5637,340.5298279,13774.46826
FALSE,5,8,64,244.3842572,104600.4579,323.4199405,322.7642093,148652.5386,385.5548451,13881.19604
FALSE,5,8,64,218.9374799,104374.2784,323.0700828,143.9412438,48628.09011,220.5177773,14059.10889
FALSE,5,8,64,161.0990773,75819.93354,275.3541965,189.1392292,58517.83888,241.904607,14222.6394
FALSE,5,8,64,284.4938413,130784.093,361.6408342,215.916571,81493.28582,285.4702889,13780.4436
FALSE,5,9,16,227.9592878,70160.91954,264.8790659,307.036478,108740.2781,329.7579083,45319.08838
FALSE,5,9,16,137.0148375,32116.96533,179.212068,152.7105443,28111.27042,167.6641596,45971.10474
FALSE,5,9,16,85.27387895,15687.52633,125.2498556,88.15581126,11801.29735,108.6337763,45873.7915
FALSE,5,9,16,210.7264674,55028.72649,234.5820251,210.0691246,49242.67015,221.9068952,46034.604
FALSE,5,9,16,77.29404581,17824.01257,133.5066012,78.64580539,12988.80788,113.9684513,46156.5874
FALSE,5,9,32,190.5623734,60394.05587,245.7520211,244.2617182,73776.39064,271.618097,25980.89624
FALSE,5,9,32,105.9289308,35816.40601,189.2522285,85.90156211,20942.08503,144.7138039,24992.40283
FALSE,5,9,32,118.6034731,38754.9863,196.8628616,116.3191672,31160.24541,176.5226484,27271.05347
FALSE,5,9,32,118.1351304,41576.58552,203.903373,80.10499783,20239.12399,142.2642752,25386.15088
FALSE,5,9,32,170.7099289,58432.2215,241.727577,121.3082858,31216.86007,176.6829365,24951.56519
FALSE,5,9,64,182.381265,80537.66526,283.7915877,138.8713879,56337.3023,237.3548026,15105.1311
FALSE,5,9,64,143.7891973,76464.33577,276.5218541,133.8850799,48108.47527,219.3364431,15209.00293
FALSE,5,9,64,211.9665147,89400.67405,298.9994549,145.9205934,43788.7414,209.2575958,15566.51563
FALSE,5,9,64,183.4384505,86611.85567,294.2989223,206.3995852,73615.22706,271.3212617,15268.64209
FALSE,5,9,64,178.9982814,84892.24621,291.3627399,125.8230396,41716.30276,204.2456921,15335.48975
FALSE,5,10,16,126.8581469,26095.09034,161.5397485,137.7159906,23617.90469,153.6811787,50696.22778
FALSE,5,10,16,84.71429474,18273.15657,135.17824,80.53349487,11450.02896,107.0048081,50130.29004
FALSE,5,10,16,98.50735364,19797.80579,140.7046758,60.35626207,9022.984538,94.98939171,49888.87354
FALSE,5,10,16,70.75889626,14266.73562,119.4434411,82.3148614,15691.50136,125.265723,51668.38599
FALSE,5,10,16,152.7384462,33663.33407,183.4757043,102.1593338,14695.47876,121.2249098,50491.74805
FALSE,5,10,32,188.6033101,52142.6543,228.347661,173.9398939,38469.85392,196.1373343,26792.82202
FALSE,5,10,32,168.8951548,51768.79445,227.5275685,105.9815971,25122.70694,158.5014414,26904.0979
FALSE,5,10,32,113.1177396,33454.27729,182.9051046,81.35174541,20496.18508,143.1648877,27269.81348
FALSE,5,10,32,118.4360124,44626.03513,211.2487518,110.2588137,29838.58979,172.7385012,27144.04663
FALSE,5,10,32,91.65251907,24703.02496,157.1719598,94.23076152,18189.615,134.8688808,26720.83203
FALSE,5,10,64,140.854355,62481.92972,249.9638568,143.1134398,40441.46858,201.1006429,16544.39673
FALSE,5,10,64,204.9139756,84741.88771,291.1045993,162.6198784,49131.92628,221.657227,16764.4021
FALSE,5,10,64,129.2763272,55470.22183,235.5211707,99.6328096,27743.59232,166.5640787,16464.88745
FALSE,5,10,64,182.3263261,79611.98027,282.1559503,122.7173374,44084.33326,209.9626949,16479.51709
FALSE,5,10,64,143.5598554,52780.3146,229.739667,166.030529,44491.98866,210.9312415,16531.13818
FALSE,10,5,16,184.1100437,57612.05702,240.0251175,195.1130733,52490.29139,229.1075978,42494.37012
FALSE,10,5,16,103.5596183,33739.39511,183.6828656,105.2280197,26816.75397,163.758218,41866.91016
FALSE,10,5,16,166.0731903,48953.42669,221.2542128,124.3212061,26808.31532,163.7324504,41676.38989
FALSE,10,5,16,137.8907621,40614.52302,201.5304518,186.0613018,49679.84386,222.8897572,42147.65674
FALSE,10,5,16,104.470629,30581.90677,174.8768332,108.9041109,21764.84195,147.5291224,41606.9856
FALSE,10,5,32,145.4375637,55038.16787,234.602148,174.9889185,68714.1935,262.1339228,23172.25
FALSE,10,5,32,168.4925188,67372.83512,259.5627768,167.8376276,47138.35822,217.1136988,23114.65259
FALSE,10,5,32,234.6428237,90060.31523,300.1005085,162.7668599,44053.66445,209.8896483,23140.6189
FALSE,10,5,32,152.5710328,68968.6684,262.6188653,121.5288762,38965.59015,197.3970368,23205.40771
FALSE,10,5,32,147.6749474,59209.49784,243.3300184,132.3142101,38633.77158,196.5547547,23230.76074
FALSE,10,5,64,180.7676946,95254.66863,308.6335507,233.3411715,135668.1925,368.3316338,14838.28149
FALSE,10,5,64,174.5932882,76004.12484,275.6884561,180.1622816,57798.5984,240.4133906,14779.07715
FALSE,10,5,64,256.1772228,133596.8607,365.5090433,154.8692662,64204.78316,253.3866278,14807.43774
FALSE,10,5,64,168.30233,91894.81307,303.1415727,198.205259,75619.6649,274.9902996,15179.89038
FALSE,10,5,64,196.3882389,90238.47511,300.3971956,252.8061833,99506.80472,315.4469919,14797.14307
FALSE,10,6,16,162.555282,43455.60232,208.4600737,177.7953377,48304.87583,219.7837024,49137.39868
FALSE,10,6,16,117.1111685,31780.29158,178.2702768,95.87837066,16487.68962,128.4043988,49476.80151
FALSE,10,6,16,162.0979066,43329.45057,208.1572737,227.8251782,75299.60368,274.4077326,50010.15747
FALSE,10,6,16,130.8965692,34014.07714,184.4290572,166.0195067,35597.54849,188.673126,48920.93652
FALSE,10,6,16,179.8606489,49346.46956,222.1406527,165.6521274,36789.8131,191.8067077,49027.96533
FALSE,10,6,32,183.4641174,67363.76234,259.5452992,117.8294035,31534.30264,177.5790039,26714.36572
FALSE,10,6,32,173.870993,57981.28084,240.7930249,121.1819691,27571.88223,166.0478311,27112.06665
FALSE,10,6,32,200.9326966,68420.30254,261.5727481,255.5972638,85616.50561,292.6029829,27188.7771
FALSE,10,6,32,121.7471067,43808.09452,209.303833,148.7597332,41774.06333,204.387043,27296.65161
FALSE,10,6,32,105.7174799,35583.20496,188.6351106,78.54131875,17311.99913,131.5750703,26882.89087
FALSE,10,6,64,127.3831674,55264.21159,235.0834141,124.6554191,39427.11875,198.5626318,16992.25415
FALSE,10,6,64,153.6513706,71008.57011,266.4743329,143.6434153,58623.64378,242.1231996,17067.54321
FALSE,10,6,64,175.5094574,77826.21288,278.9734985,122.5207378,42445.99212,206.0242513,16836.03638
FALSE,10,6,64,332.1286232,172749.9342,415.6319696,260.6795091,107365.7654,327.6671564,16892.90063
FALSE,10,6,64,259.5116748,134490.9726,366.7301086,184.9135024,85381.21986,292.20065,17141.5415
FALSE,10,7,16,89.57330734,24235.14377,155.6764072,96.90731861,18081.36706,134.4669739,57107.3645
FALSE,10,7,16,119.550913,32699.25,180.8293394,93.26240277,17326.47359,131.6300634,56260.9834
FALSE,10,7,16,121.7046114,32534.18733,180.3723575,174.7472115,45427.14493,213.1364467,56853.33228
FALSE,10,7,16,91.16836712,21866.14023,147.87204,86.20246004,16184.18591,127.2170818,57306.30371
FALSE,10,7,16,135.7667651,36982.38569,192.3080489,101.7405025,19802.92956,140.7228822,56395.92529
FALSE,10,7,32,198.75749,60821.13586,246.619415,135.0131978,31242.05108,176.7542109,30305.8894
FALSE,10,7,32,112.4395398,33075.87977,181.8677535,135.8956777,31970.20854,178.8021492,30979.04639
FALSE,10,7,32,107.9645451,34083.19334,184.6163409,142.0457236,39217.3277,198.0336529,30991.08325
FALSE,10,7,32,129.1495052,51347.46458,226.5997894,165.8930017,57099.80742,238.9556599,31343.20581
FALSE,10,7,32,207.2467266,64781.69029,254.522475,200.4579433,52304.53544,228.7018483,30879.32129
FALSE,10,7,64,234.5515437,96812.0576,311.1463604,210.008854,69442.39056,263.5192413,19010.4856
FALSE,10,7,64,165.9664441,68406.99271,261.5473049,194.3491221,58380.26304,241.62008,19201.38208
FALSE,10,7,64,166.1622763,67869.59282,260.5179319,190.7679298,58709.55994,242.300557,19446.58838
FALSE,10,7,64,192.4571178,79679.45321,282.2754917,233.1613901,86296.27932,293.7622837,19022.14014
FALSE,10,7,64,206.6482378,81772.34354,285.9586396,153.8507919,49338.47209,222.122651,19148.12183
FALSE,10,8,16,108.227147,24941.10015,157.9275155,124.8135501,21297.21726,145.9356614,64191.57544
FALSE,10,8,16,137.907164,37924.48251,194.7420923,143.8290108,39917.04606,199.7925075,64893.70239
FALSE,10,8,16,97.47813484,22601.90809,150.3393099,102.9603794,17280.09057,131.4537583,63617.98657
FALSE,10,8,16,81.49571447,20884.61439,144.5151009,75.74474328,12523.81404,111.9098478,64799.44995
FALSE,10,8,16,213.6785231,67386.75759,259.5895945,190.1401698,55681.74736,235.9698018,65410.60254
FALSE,10,8,32,135.2216916,45569.4417,213.4700019,173.3843828,53082.58027,230.3965717,33811.17212
FALSE,10,8,32,152.6474363,44943.97747,211.9999469,163.8024337,40686.1309,201.7080338,35028.89795
FALSE,10,8,32,119.7689194,41688.94643,204.178712,120.0722848,37815.00943,194.4608172,35006.62842
FALSE,10,8,32,122.486705,33551.19173,183.1698439,118.8890951,30700.68054,175.2160967,34140.14331
FALSE,10,8,32,160.3897689,54054.48824,232.4962112,127.4408302,33986.30712,184.3537554,34399.87646
FALSE,10,8,64,130.5094911,52602.05899,229.3513876,135.9475757,39384.43343,198.4551169,21438.1333
FALSE,10,8,64,133.5511549,59638.28657,244.2095137,121.4523363,35635.82705,188.7745403,21448.41211
FALSE,10,8,64,174.1700802,67733.24699,260.2561181,232.3073104,76027.78868,275.7313705,21106.88428
FALSE,10,8,64,323.3601015,162069.1038,402.5780717,225.7348416,79506.69878,281.9693224,21352.45215
FALSE,10,8,64,136.0352778,53768.35853,231.880052,173.5724056,50878.34787,225.5622927,21476.55908
FALSE,10,9,16,137.2600718,34019.87265,184.4447686,120.4366211,22799.29477,150.9943534,70830.96948
FALSE,10,9,16,84.37188504,19966.51161,141.3029073,78.58702427,13658.93987,116.8714673,72065.8147
FALSE,10,9,16,116.5799899,27653.26494,166.2927086,150.7635544,42680.27252,206.5920437,72778.76367
FALSE,10,9,16,114.9143658,28357.79394,168.3977254,112.1320918,21407.30616,146.3123582,72172.23438
FALSE,10,9,16,94.87365936,20865.51295,144.4489977,102.7404446,16164.76175,127.1407164,71091.12769
FALSE,10,9,32,168.7558885,53301.78494,230.8717933,128.9397776,29796.36026,172.6162225,39012.22192
FALSE,10,9,32,88.38117859,25895.20565,160.9198734,103.7157905,23501.60923,153.3023458,38059.1499
FALSE,10,9,32,131.3294115,37246.45546,192.9934078,136.8705023,30963.09498,175.9633342,38290.20361
FALSE,10,9,32,163.423138,49293.44789,222.021278,107.9036478,22501.4802,150.0049339,39262.36084
FALSE,10,9,32,93.69950763,25184.92738,158.6975973,74.43812224,13623.19643,116.7184494,38429.71313
FALSE,10,9,64,156.3961774,54326.64843,233.0807766,115.5691839,28588.7902,169.0821995,23292.28882
FALSE,10,9,64,134.5640403,50005.77699,223.6197151,104.8485904,33382.59802,182.7090529,23419.86914
FALSE,10,9,64,131.5771268,49746.45097,223.0391243,128.3865746,35024.71,187.1488979,23500.72314
FALSE,10,9,64,156.7819623,58869.81139,242.631019,132.0183626,43251.03119,207.9688226,23196.86377
FALSE,10,9,64,153.3342456,59493.03828,243.9119478,133.1042988,39399.93586,198.4941709,23291.24951
FALSE,10,10,16,90.48863407,19110.69293,138.2414299,101.7445528,17974.58694,134.0693363,80336.8894
FALSE,10,10,16,86.89267407,18849.81857,137.2946415,102.0224452,17274.66567,131.4331224,79004.95435
FALSE,10,10,16,173.6747838,40771.98682,201.9207439,165.5790024,36383.19094,190.7437835,80020.78394
FALSE,10,10,16,159.9408469,37372.05963,193.3185444,202.4358137,51211.32082,226.2991843,78464.00049
FALSE,10,10,16,129.9185506,28880.17665,169.941686,121.1458767,21738.78057,147.4407697,78553.3855
FALSE,10,10,32,113.3138763,28309.83603,168.2552704,122.8581612,27660.63027,166.3148528,42345.2522
FALSE,10,10,32,150.8886934,46410.31829,215.4305417,110.4941037,23897.15838,154.5870576,41688.67407
FALSE,10,10,32,163.010845,43552.43177,208.6921938,170.4459918,38052.5318,195.0705816,41976.97388
FALSE,10,10,32,96.00480252,27043.4748,164.4490037,56.40044778,10412.41089,102.0412215,42828.02246
FALSE,10,10,32,96.5117545,25198.67277,158.7408982,89.29079805,14952.34897,122.2797979,42000.52393
FALSE,10,10,64,113.7623593,37351.45487,193.2652449,116.4424948,30474.57256,174.5696783,25544.10156
FALSE,10,10,64,108.8473504,37246.16036,192.9926433,140.8376005,44938.18923,211.9862949,25511.48584
FALSE,10,10,64,123.563066,45697.21419,213.7690674,138.5078305,41993.01217,204.921966,25566.28223
FALSE,10,10,64,180.3982907,63422.12959,251.8375063,226.4213795,76081.69571,275.829106,25841.83447
FALSE,10,10,64,156.8553405,55449.66171,235.4775185,99.9976848,25667.01381,160.2092813,25425.45508
FALSE,15,5,16,182.8319781,61193.91007,247.3740287,238.950925,97786.90875,312.7089841,56927.19849
FALSE,15,5,16,113.0592335,34878.95844,186.759092,108.2932591,24016.45446,154.9724313,55373.89429
FALSE,15,5,16,97.14246141,28022.95222,167.4005741,125.8068119,30498.06314,174.6369467,56121.12646
FALSE,15,5,16,188.0282429,55294.79959,235.1484629,225.2353768,62196.90508,249.3930734,56031.97656
FALSE,15,5,16,99.07285384,32008.93109,178.9103996,101.2558253,23572.47,153.5332863,55860.84766
FALSE,15,5,32,152.6837734,56701.89384,238.1215947,200.8344221,65810.98479,256.5365175,30249.83521
FALSE,15,5,32,144.8816001,58544.28831,241.9592699,187.8596557,82411.588,287.0741855,29839.60742
FALSE,15,5,32,176.7806116,61413.81243,247.8181035,146.8622457,52994.48748,230.2053159,30531.15552
FALSE,15,5,32,122.3939703,43369.22655,208.2527948,168.9771937,56118.2725,236.8929558,30230.96313
FALSE,15,5,32,171.3051283,63864.85826,252.7149743,130.5841825,42270.34931,205.5975421,30351.08301
FALSE,15,5,64,446.8872467,261702.9123,511.569069,375.8889274,181791.2289,426.3698265,19043.92285
FALSE,15,5,64,319.2428202,168280.4124,410.2199561,238.280241,91929.96525,303.1995469,19112.8938
FALSE,15,5,64,292.3418211,148084.8957,384.8180034,205.6710807,87180.23395,295.2629912,19320.93872
FALSE,15,5,64,404.8395871,234372.525,484.1203621,287.4468077,124302.5923,352.5657276,18989.51978
FALSE,15,5,64,149.202532,80787.39643,284.2312376,166.9645526,61577.58561,248.1483137,19076.93726
FALSE,15,6,16,197.2478853,57145.25348,239.0507341,228.5921627,67623.77186,260.0457111,65758.37817
FALSE,15,6,16,132.7428235,35958.3743,189.6269345,193.7093466,62603.36631,250.2066472,65687.56299
FALSE,15,6,16,117.4066864,30034.56212,173.3048243,132.2965063,30542.58869,174.7643805,67592.18677
FALSE,15,6,16,100.7414404,28548.45088,168.9628684,66.9624579,13152.18238,114.6829647,66338.80713
FALSE,15,6,16,158.650613,50900.48169,225.611351,217.364592,72567.48244,269.383523,67585.70313
FALSE,15,6,32,142.1845459,52598.05085,229.3426494,163.0279197,43848.49072,209.4003121,35622.29419
FALSE,15,6,32,137.2703445,48958.3235,221.2652786,105.5474039,27446.12074,165.6687078,35476.9856
FALSE,15,6,32,121.3537988,39608.81001,199.0196222,154.9403259,44642.71982,211.2882387,35971.49097
FALSE,15,6,32,137.3055933,48973.14671,221.2987725,198.1169944,73067.98919,270.3109121,35871.46851
FALSE,15,6,32,139.0233498,47683.18618,218.3648007,131.4952725,37873.65277,194.6115433,35028.0166
FALSE,15,6,64,275.7315689,119070.4306,345.0658352,178.6129177,58017.66577,240.8685653,22122.54346
FALSE,15,6,64,224.7473877,88083.59177,296.7887999,147.9311754,40837.42136,202.0827092,21959.00024
FALSE,15,6,64,243.2914362,101049.3374,317.8825844,151.2140962,47669.86091,218.3342871,22282.33618
FALSE,15,6,64,189.5882356,81970.6335,286.3051405,129.2152835,40216.02082,200.5393249,21951.79761
FALSE,15,6,64,498.9858705,321869.0178,567.3350137,377.4182359,183789.4698,428.706741,21994.70752
FALSE,15,7,16,112.6146672,31173.30591,176.5596384,82.96672486,14595.16346,120.8104444,76154.05908
FALSE,15,7,16,118.7932138,30847.54373,175.6346883,125.8013275,27562.51031,166.0196082,78448.11865
FALSE,15,7,16,202.3899595,59041.82259,242.9852312,202.7270982,50129.88508,223.8970412,77210.94434
FALSE,15,7,16,132.8346383,35854.62923,189.3531865,99.41798937,19002.98127,137.8513013,77686.99414
FALSE,15,7,16,178.2692668,58125.53784,241.0923844,137.5835795,28464.48279,168.7142045,77918.93164
FALSE,15,7,32,102.9041043,33771.28426,183.76965,118.7166915,28281.10451,168.169868,40714.09448
FALSE,15,7,32,101.55195,31716.42239,178.0910509,128.8831504,41245.89125,203.0908448,40317.20435
FALSE,15,7,32,170.837309,52542.96663,229.2225265,156.296536,38001.08053,194.9386584,41293.72852
FALSE,15,7,32,220.6010574,69532.79876,263.6907256,227.368857,62023.72181,249.0456219,40511.97729
FALSE,15,7,32,122.1181643,35188.03601,187.5847436,144.1759929,39795.5654,199.4882588,40839.86523
FALSE,15,7,64,206.5467502,85123.26612,291.7589178,146.6426976,43388.84118,208.2998828,25217.18213
FALSE,15,7,64,208.1735432,79203.50448,281.4311718,179.2583961,54991.49601,234.5026567,25214.86426
FALSE,15,7,64,408.405148,249377.1658,499.3767774,237.6812398,95553.26316,309.1169086,25012.04736
FALSE,15,7,64,195.2743936,78950.94355,280.9821054,128.2133138,49504.37657,222.49579,25033.50879
FALSE,15,7,64,230.8730711,107060.9956,327.2017659,156.2121935,58854.08609,242.5986111,25205.51245
FALSE,15,8,16,130.0242189,31948.48892,178.7414024,122.2079032,22614.03943,150.379651,85652.49194
FALSE,15,8,16,202.9533397,53989.8775,232.3572196,207.5325376,49951.3747,223.4980418,86132.82007
FALSE,15,8,16,177.9771019,47929.93026,218.929053,94.61024969,16702.159,129.236833,86260.9082
FALSE,15,8,16,191.4685877,50357.61998,224.4050356,120.3358785,20602.75944,143.5366136,85939.90015
FALSE,15,8,16,170.2676319,43090.74121,207.5830947,138.0998497,28551.69133,168.9724573,88027.00317
FALSE,15,8,32,129.3248756,43269.78309,208.0139012,173.9415642,47797.31552,218.6259717,45468.52393
FALSE,15,8,32,158.6454365,49694.76201,222.92322,149.8515376,39800.58686,199.5008443,46153.4917
FALSE,15,8,32,168.0175879,52004.87988,228.0457846,180.0758635,47532.54666,218.0196015,46119.08423
FALSE,15,8,32,169.3231291,45865.6471,214.162665,204.7944276,53838.74606,232.0317781,45570.92188
FALSE,15,8,32,157.7167175,46543.57669,215.7396039,108.7862782,23815.80831,154.3237127,45489.84961
FALSE,15,8,64,259.2178081,103184.7026,321.2237579,276.1726101,95039.13166,308.2841735,28181.22485
FALSE,15,8,64,188.1085746,68046.2507,260.8567628,119.5197039,30437.5738,174.4636747,27706.53979
FALSE,15,8,64,171.782363,60629.44614,246.2304736,146.914684,60085.40956,245.1232538,27923.5625
FALSE,15,8,64,265.2384042,113977.5058,337.6055477,208.792845,65483.85521,255.8981344,28234.40283
FALSE,15,8,64,487.1426146,303098.8355,550.5441267,352.7541701,172546.695,415.3874035,28103.26563
FALSE,15,9,16,70.61668923,15364.46548,123.9534811,85.1389846,15493.5637,124.4731445,98952.58179
FALSE,15,9,16,110.0264068,23465.13628,153.1833421,80.37524239,14890.58594,122.0269886,98286.08105
FALSE,15,9,16,87.86103052,19414.53633,139.3360554,93.00552477,15889.40277,126.0531744,96746.91577
FALSE,15,9,16,114.1008964,27103.70252,164.6320216,105.7207179,23130.9027,152.08847,100036.1067
FALSE,15,9,16,89.92199351,20895.80006,144.5537964,107.8193593,19827.73565,140.8109926,98397.87158
FALSE,15,9,32,121.0357198,33060.70524,181.8260301,121.482013,30061.4864,173.3824858,52515.63062
FALSE,15,9,32,139.8248115,41704.99484,204.2180081,167.0202328,54635.55907,233.7425059,50726.3313
FALSE,15,9,32,129.682453,37374.46154,193.3247567,132.8608156,33031.31869,181.7452026,51715.26123
FALSE,15,9,32,147.4079169,45707.06333,213.7921031,212.6541874,74822.16813,273.536411,50947.02686
FALSE,15,9,32,137.2721228,38573.71664,196.4019263,170.8072873,43237.77239,207.9369433,51713.50562
FALSE,15,9,64,138.2117228,52368.88598,228.8424916,128.6525324,41234.83587,203.0636252,30918.64038
FALSE,15,9,64,152.0315842,49690.33844,222.913298,144.0710495,36905.05187,192.1068762,31605.13892
FALSE,15,9,64,525.78557,388874.952,623.59839,299.0317776,138994.3755,372.8194945,30833.44312
FALSE,15,9,64,133.6831836,43562.29627,208.7158266,186.9579547,59670.49464,244.2754483,31160.37622
FALSE,15,9,64,155.9900925,57886.49059,240.5961151,192.659198,87824.14706,296.3513912,31115.96216
FALSE,15,10,16,73.31407172,16897.24748,129.9894129,53.18510803,7291.190337,85.38846724,111371.0735
FALSE,15,10,16,69.70650014,14300.33585,119.5840117,55.13025127,7706.090934,87.78434333,108336.2212
FALSE,15,10,16,78.03030053,15900.17904,126.0959121,86.77642262,12323.28989,111.0103144,113935.0132
FALSE,15,10,16,97.26849041,22805.82025,151.0159603,51.00473723,7370.149252,85.84957339,109655.2305
FALSE,15,10,16,80.69755607,15895.25635,126.0763909,60.2176497,7479.195253,86.4823407,110502.8857
FALSE,15,10,32,200.1987227,59722.76261,244.3824106,206.5605617,54567.45722,233.5967834,57599.40503
FALSE,15,10,32,148.4299152,42539.12753,206.2501577,160.0807052,35506.49809,188.4316802,56874.2605
FALSE,15,10,32,121.7633785,30459.28513,174.5258867,92.08552105,17530.36357,132.4022793,55825.80542
FALSE,15,10,32,110.8048235,28721.05437,169.4728721,133.2029844,36222.50003,190.3220955,57017.8877
FALSE,15,10,32,134.9392897,41084.31611,202.6926642,164.7001999,43966.26663,209.6813454,55855.98975
FALSE,15,10,64,147.5338864,47312.9402,217.5153792,187.585143,49959.55302,223.5163373,33867.83716
FALSE,15,10,64,171.2527553,56243.88342,237.1579293,111.516761,28187.19057,167.8904124,34138.64746
FALSE,15,10,64,250.5388012,96578.36042,310.7705913,160.5946061,46835.13796,216.4142739,34564.11963
FALSE,15,10,64,179.1941581,62368.84225,249.7375467,152.493317,47109.68165,217.0476483,34246.88916
FALSE,15,10,64,136.2165382,46763.21177,216.248033,114.6077611,38169.77155,195.3708565,34295.79224
FALSE,20,5,16,118.8506097,31036.69083,176.1723328,111.689806,21233.59134,145.7175053,70863.19824
FALSE,20,5,16,163.0709291,50326.9683,224.3367297,106.4782002,21985.16037,148.2739369,71318.86572
FALSE,20,5,16,102.0252205,28692.63578,169.3890072,142.1495706,38707.87634,196.7431736,71000.24097
FALSE,20,5,16,215.4734789,64402.31127,253.7761046,173.1087306,42318.37261,205.7142985,69880.73462
FALSE,20,5,16,85.27443462,25455.08255,159.5464902,94.9372014,19653.51258,140.1909861,71598.50098
FALSE,20,5,32,174.587037,71383.44427,267.1768034,170.254668,59335.64974,243.5891002,38011.22095
FALSE,20,5,32,191.104199,70670.6951,265.8396041,151.4962588,40428.60758,201.0686639,37919.89819
FALSE,20,5,32,170.38856,58519.10749,241.9072291,117.8168369,37634.56973,193.9963137,37527.13086
FALSE,20,5,32,173.8116127,61477.47998,247.9465265,157.7247617,51458.05528,226.8436803,38330.02856
FALSE,20,5,32,128.8294374,47313.16082,217.5158864,209.7279727,79858.69185,282.5928022,38107.26929
FALSE,20,5,64,137.7918102,58862.05868,242.6150422,118.0628195,36278.35909,190.4687877,24054.33252
FALSE,20,5,64,180.7089381,86072.46554,293.3810927,145.6260976,51587.09399,227.1279243,23984.90039
FALSE,20,5,64,147.822993,68447.35166,261.6244478,138.4997929,59192.04157,243.2941462,24286.92212
FALSE,20,5,64,166.6553055,77654.74804,278.6660152,133.2329866,52282.78949,228.6543013,24186.354
FALSE,20,5,64,139.8458926,62132.69677,249.2643111,183.41291,56428.73443,237.5473309,24389.38672
FALSE,20,6,16,167.6606309,45399.85531,213.072418,147.4678948,33944.50305,184.2403404,86921.95435
FALSE,20,6,16,130.3750655,38075.17084,195.1286008,151.6695823,43662.94194,208.9567944,82901.00903
FALSE,20,6,16,137.3957869,39244.99915,198.1035062,149.1627096,40111.12278,200.2776143,82502.68994
FALSE,20,6,16,104.4327456,25343.27522,159.1957136,91.40825862,18295.8405,135.2621178,85744.89355
FALSE,20,6,16,96.29070989,24440.72541,156.335298,68.18952526,11421.1623,106.8698381,83477.70093
FALSE,20,6,32,110.0767584,36931.18548,192.1748826,92.48220137,22566.6187,150.2218982,44088.34521
FALSE,20,6,32,144.9068878,51481.06272,226.8943867,189.1779625,61538.81985,248.0701914,44295.92822
FALSE,20,6,32,128.0505458,39017.56606,197.5286462,111.8040198,33148.61322,182.0676062,44831.03125
FALSE,20,6,32,126.2037401,39624.38727,199.0587533,110.9381656,26316.67202,162.2241413,44237.82983
FALSE,20,6,32,108.7195661,36226.63652,190.3329623,123.3545976,33324.7989,182.5508118,44772.50708
FALSE,20,6,64,169.8017919,70612.29412,265.7297389,146.6222506,40453.09528,201.1295485,28526.0564
FALSE,20,6,64,122.4973629,47287.30975,217.4564548,154.951009,48081.25294,219.2743782,27813.62109
FALSE,20,6,64,138.0372367,50194.29831,224.0408407,200.4525496,66026.20742,256.9556526,27186.26416
FALSE,20,6,64,274.6766355,120397.2535,346.9830738,218.3349386,91491.56546,302.4757271,27266.33032
FALSE,20,6,64,179.2263901,71302.27404,267.0248566,248.7564572,90154.95839,300.2581529,27541.13379
FALSE,20,7,16,85.42372459,18812.83019,137.1598709,104.332676,18923.57462,137.5629842,99617.01514
FALSE,20,7,16,123.0770929,31012.19797,176.1028051,172.0021643,47875.46743,218.804633,96877.45483
FALSE,20,7,16,151.0905705,39259.80286,198.1408662,144.9564296,30420.04907,174.4134429,97707.51001
FALSE,20,7,16,157.2130411,43216.95427,207.8868785,192.4253388,62228.4568,249.4563224,97489.96948
FALSE,20,7,16,97.6098628,27319.25323,165.2853691,60.60873326,11239.42271,106.0161436,97111.29443
FALSE,20,7,32,157.7640818,47278.21157,217.4355343,210.8863982,60058.71928,245.0688052,52260.50854
FALSE,20,7,32,135.2309854,42244.39746,205.5344192,128.7057733,30559.63707,174.813149,51872.24536
FALSE,20,7,32,114.3844763,36736.55286,191.6678191,92.61795041,27402.20571,165.536116,50801.06836
FALSE,20,7,32,123.0782797,37502.73003,193.6562161,90.05941675,22639.92828,150.4657047,52962.63818
FALSE,20,7,32,98.89332632,32327.50917,179.7985238,91.10714048,20637.39812,143.6572244,53111.99146
FALSE,20,7,64,132.202182,52388.56053,228.8854747,138.9637253,36158.47805,190.1538273,31032.28003
FALSE,20,7,64,138.7113905,57077.28837,238.9085356,157.4906938,52783.7198,229.7470779,31504.10718
FALSE,20,7,64,141.5323498,53053.97568,230.3344865,186.2525852,51614.432,227.1880983,32369.37134
FALSE,20,7,64,155.0461514,57056.57346,238.8651784,99.07672781,27486.92888,165.7918239,32330.18701
FALSE,20,7,64,179.4363837,75488.42632,274.751572,169.9267038,75410.45502,274.6096412,31698.64795
FALSE,20,8,16,115.7823393,29082.69844,170.5365018,99.91996193,16968.99899,130.2651104,111654.5256
FALSE,20,8,16,90.65907428,25056.90972,158.293745,109.1157654,22278.54531,149.2599923,110893.738
FALSE,20,8,16,71.00785721,17393.63633,131.8849359,50.38323859,8695.044237,93.24722107,112211.4685
FALSE,20,8,16,120.6007077,29697.08331,172.328417,159.1328911,49509.05598,222.5063055,110886.2158
FALSE,20,8,16,78.47955847,20107.82252,141.802054,101.9155907,28191.14924,167.9022014,111699.7476
FALSE,20,8,32,105.2821516,29242.53743,171.0044953,146.7361704,41354.15808,203.3572179,57470.35181
FALSE,20,8,32,231.9680034,73980.50506,271.9935754,273.3046742,96431.68306,310.5345119,57721.55054
FALSE,20,8,32,130.772645,38098.59941,195.1886252,183.4587863,65887.49454,256.6855947,57340.07007
FALSE,20,8,32,96.16626876,26723.38918,163.4729005,77.10934794,14671.9503,121.1278263,59155.85132
FALSE,20,8,32,103.2160917,29334.13392,171.2721049,140.9512642,47891.5561,218.8413948,60046.03735
FALSE,20,8,64,112.2034759,42801.37737,206.8849375,134.2265472,35398.32224,188.1444186,35760.30396
FALSE,20,8,64,158.9615373,50650.38745,225.0564095,91.8316907,19373.96926,139.1904065,36334.27002
FALSE,20,8,64,125.0026505,50502.48671,224.7275833,149.5795033,48214.36455,219.5776959,35130.35962
FALSE,20,8,64,145.5297079,59009.29519,242.9182891,177.459888,50821.96629,225.4372779,35168.17212
FALSE,20,8,64,143.1909573,57616.14852,240.0336404,180.9852197,74849.65589,273.5866515,35470.99414
FALSE,20,9,16,101.1482065,20914.04009,144.6168735,79.09800472,13073.29358,114.3385043,122504.5916
FALSE,20,9,16,139.9283432,32995.51287,181.6466704,139.40873,32018.13634,178.9361236,126469.4082
FALSE,20,9,16,103.2454897,23161.46266,152.1889045,98.26748303,18974.57971,137.7482476,123999.9043
FALSE,20,9,16,134.333368,31497.51192,177.475384,160.9188953,45535.19398,213.3897701,123361.876
FALSE,20,9,16,145.0776765,39435.76466,198.5844018,101.2589249,18346.78287,135.4502967,127744.8254
FALSE,20,9,32,106.850777,30304.52744,174.0819561,143.2594695,35480.75895,188.3633694,65440.37012
FALSE,20,9,32,166.3306555,46549.35226,215.752989,220.6133412,62340.09066,249.6799765,66057.70801
FALSE,20,9,32,101.5893648,26693.22397,163.3806107,142.2642993,44762.52117,211.5715509,63360.62793
FALSE,20,9,32,99.53041339,30150.78271,173.6398074,138.4981458,35741.92489,189.0553487,65481.19116
FALSE,20,9,32,109.089388,30057.49291,173.3709691,131.8201087,28742.68648,169.5366818,65754.86206
FALSE,20,9,64,137.1281878,54847.64121,234.1957327,181.1706082,71658.47657,267.6910095,38900.15942
FALSE,20,9,64,140.5693638,48339.27489,219.8619451,177.9715468,69392.18444,263.4239633,39162.00684
FALSE,20,9,64,177.8531444,55080.30548,234.6919374,212.3592622,59012.99884,242.9259122,39333.59058
FALSE,20,9,64,140.9075487,44858.7144,211.7987592,181.8497473,54778.66893,234.0484329,40739.23608
FALSE,20,9,64,136.1313868,44363.13996,210.6255919,98.11913733,26092.7025,161.5323575,39573.63232
FALSE,20,10,16,94.13053125,19702.54251,140.3657455,100.6513953,17981.19395,134.0939743,136742.198
FALSE,20,10,16,81.75829386,18983.42758,137.7803599,57.57607757,8896.752848,94.32259988,135894.6089
FALSE,20,10,16,119.8661934,29422.21664,171.5290548,66.67962108,10729.86327,103.5850533,137134.7192
FALSE,20,10,16,72.43126845,16337.49537,127.8182122,75.28829079,11612.87309,107.7630414,141550.6128
FALSE,20,10,16,181.3378815,44682.0928,211.3813918,140.9400764,24840.28643,157.6080151,137420.2964
FALSE,20,10,32,130.147422,32349.84433,179.8606247,127.5951735,26941.90117,164.1398829,71057.6084
FALSE,20,10,32,180.159461,50380.80349,224.4566851,227.7586608,63448.57479,251.8900053,70824.98413
FALSE,20,10,32,176.0922916,46609.31425,215.8919041,155.5763566,32911.61644,181.4155904,70858.24634
FALSE,20,10,32,92.38425326,27558.51868,166.0075862,90.53812054,17841.18652,133.5709045,70625.06177
FALSE,20,10,32,128.2005278,35609.84993,188.7057231,127.7462419,30401.21136,174.3594315,71217.53882
FALSE,20,10,64,134.6051928,48392.8348,219.9837149,153.0850656,47910.56026,218.8848105,42584.10938
FALSE,20,10,64,126.492348,40301.11333,200.7513719,77.93951827,17915.2705,133.847938,44025.84155
FALSE,20,10,64,114.548189,37541.7131,193.7568401,134.2008354,37178.40531,192.8170255,43178.0481
FALSE,20,10,64,123.145011,40262.25786,200.6545735,114.9507421,26160.04438,161.7406702,42991.60034
FALSE,20,10,64,134.2625535,45937.84325,214.3311532,113.0299979,30317.16328,174.1182451,42076.91455
FALSE,25,5,16,148.7586673,42252.30102,205.5536451,209.134235,64229.75451,253.4358982,82534.1958
FALSE,25,5,16,143.5420707,34855.3529,186.6958835,115.9557924,22624.16157,150.4133025,84103.17554
FALSE,25,5,16,120.8872651,38849.14553,197.1018659,159.7755135,50868.19368,225.5397829,84247.99072
FALSE,25,5,16,115.2810714,30969.92976,175.9827542,89.69226608,20463.2371,143.0497714,85147.46021
FALSE,25,5,16,106.8324269,28454.74715,168.6853495,153.7657593,36874.39338,192.0270642,79955.18726
FALSE,25,5,32,198.349133,72492.22489,269.243802,147.5222767,42607.94658,206.4169242,45001.24072
FALSE,25,5,32,181.5478628,59146.68474,243.2009143,204.1044148,59573.18456,244.076186,45101.95776
FALSE,25,5,32,113.7175996,41365.25352,203.3844968,173.1293106,64013.68463,253.009258,44259.74487
FALSE,25,5,32,206.0107307,71334.82644,267.0858035,145.3204987,37597.06995,193.8996389,45461.82104
FALSE,25,5,32,116.3547115,38036.55602,195.0296286,99.03835808,22911.7015,151.3661174,44065.73315
FALSE,25,5,64,196.2491479,98029.88626,313.0972473,226.1605146,123230.3891,351.0418624,28122.18652
FALSE,25,5,64,221.0445871,109430.2707,330.8024647,203.3251773,101108.2731,317.9752712,27954.54565
FALSE,25,5,64,183.1969754,97418.9395,312.1200722,198.635465,130996.3857,361.9342284,28193.96118
FALSE,25,5,64,161.050801,72166.89036,268.6389591,216.3262358,100777.1288,317.4541366,28285.21704
FALSE,25,5,64,231.088685,123480.7596,351.3982919,166.3946468,86069.67912,293.3763438,28128.81592
FALSE,25,6,16,83.91283769,22615.06583,150.3830636,67.23968591,11867.83254,108.9395821,99534.3335
FALSE,25,6,16,121.9629664,30995.47025,176.0553045,167.7843711,48406.32398,220.0143722,98580.17334
FALSE,25,6,16,99.31256636,29038.57145,170.4070757,121.2277927,25900.90708,160.9375875,100088.7229
FALSE,25,6,16,134.4211393,35023.67141,187.1461232,124.5373361,25955.78817,161.1080016,97417.62183
FALSE,25,6,16,95.90030552,23927.46533,154.685052,87.89271521,16609.45119,128.8776598,100121.0017
FALSE,25,6,32,175.2051483,53932.86284,232.2344997,119.6193375,27338.75812,165.3443622,53630.81006
FALSE,25,6,32,125.9393612,44289.64619,210.4510541,116.6430856,36281.97176,190.4782711,51507.32104
FALSE,25,6,32,182.664602,57939.79055,240.7068561,131.1760758,31503.58847,177.4925026,52481.02246
FALSE,25,6,32,141.7900114,44545.2373,211.0574266,175.1268725,56652.7867,238.0184587,52076.12769
FALSE,25,6,32,159.8463449,57319.24089,239.4143707,164.3509475,67799.12918,260.3826591,52467.07007
FALSE,25,6,64,119.2549225,46194.18024,214.9283142,100.8453179,29702.02764,172.3427621,32452.9314
FALSE,25,6,64,126.8654714,55040.67894,234.6074998,164.2706032,77637.14605,278.6344308,32708.021
FALSE,25,6,64,167.7526427,60057.46809,245.0662524,215.6744117,68712.14848,262.1300221,32647.28223
FALSE,25,6,64,185.7396059,79860.00243,282.595121,163.1149781,47237.77513,217.3425295,32668.99536
FALSE,25,6,64,143.5409491,56441.8495,237.5749345,154.7863006,65287.87696,255.5149251,32409.02148
FALSE,25,7,16,96.89778799,24306.16957,155.9043603,111.4119374,23160.98649,152.1873401,115506.3728
FALSE,25,7,16,106.5202503,33547.1668,183.1588567,93.96324675,20427.07435,142.9233163,116094.6079
FALSE,25,7,16,195.3114803,56440.86841,237.5728697,247.0925531,73082.60679,270.3379492,115609.3345
FALSE,25,7,16,138.972569,36287.14853,190.4918595,149.2308844,41376.47116,203.4120723,116845.2253
FALSE,25,7,16,115.2877813,27347.86988,165.3719138,166.4782273,43086.10828,207.5719352,117699.1384
FALSE,25,7,32,151.3239496,43143.28997,207.709629,126.2291568,30228.72498,173.8640992,60269.05469
FALSE,25,7,32,191.8196888,66558.45924,257.9892619,161.6699329,39549.49825,198.8705565,60383.99316
FALSE,25,7,32,99.65699104,28642.64643,169.2413851,147.2343718,46977.5396,216.7430266,61912.14722
FALSE,25,7,32,116.7988702,36775.29524,191.7688589,104.6062806,22563.09857,150.2101813,61507.146
FALSE,25,7,32,113.8000627,35501.59764,188.4186765,93.37352808,18410.34015,135.6847086,60556.85376
FALSE,25,7,64,183.2874122,64740.80225,254.4421393,133.6985803,42591.19227,206.3763365,37249.29224
FALSE,25,7,64,115.4511193,46077.14272,214.6558705,117.2692362,32993.14522,181.6401531,37310.45264
FALSE,25,7,64,147.9268612,53788.88357,231.9243057,102.1472623,26331.16914,162.2688175,37410.84546
FALSE,25,7,64,161.1388964,65828.46378,256.5705824,197.5879647,71608.67328,267.5979695,37381.59204
FALSE,25,7,64,136.8769825,49136.13252,221.666715,158.6307163,55908.9883,236.4508158,37330.80176
FALSE,25,8,16,88.50839937,20551.78435,143.3589354,65.93188783,10356.43679,101.7665799,130252.2317
FALSE,25,8,16,116.6057275,27004.51339,164.3305005,96.30106936,16029.14927,126.6062766,132363.1956
FALSE,25,8,16,105.5292994,24863.91168,157.6829467,105.1341453,20518.43842,143.2425859,130234.9983
FALSE,25,8,16,208.6214341,70953.31936,266.3706428,171.54874,38701.21881,196.7262535,130935.2485
FALSE,25,8,16,110.7202156,26327.93058,162.2588382,78.10178124,12148.36573,110.219625,130124.7219
FALSE,25,8,32,127.8887045,38241.05972,195.5532145,121.0254939,25317.61751,159.1151078,67503.1958
FALSE,25,8,32,114.5791919,33359.61894,182.6461578,86.84569208,20228.15337,142.2257128,68182.70166
FALSE,25,8,32,119.1545689,37285.03995,193.0933452,137.2133031,37767.72576,194.3392028,67819.68677
FALSE,25,8,32,190.714911,54507.82409,233.4691074,166.0183823,39981.36344,199.9534032,68143.42017
FALSE,25,8,32,115.64783,35079.25456,187.2945663,87.8131884,23662.82236,153.8272484,67780.06177
FALSE,25,8,64,168.8445284,58526.24257,241.9219762,153.7345622,59029.85115,242.9605959,41848.93848
FALSE,25,8,64,152.2059253,52672.13201,229.5041002,134.5103402,41031.12579,202.5614124,42011.46411
FALSE,25,8,64,164.3197208,57018.78006,238.786055,101.2833417,30981.07823,176.0144262,41685.53076
FALSE,25,8,64,174.3218861,59406.24072,243.7339548,130.7905681,46139.25131,214.8004919,41782.35962
FALSE,25,8,64,141.8332197,57236.11682,239.2407089,139.4031651,34596.15117,186.0004064,41797.69116
FALSE,25,9,16,66.6146581,15408.09411,124.1293443,56.66942473,8620.181897,92.84493469,146136.498
FALSE,25,9,16,101.2192796,21149.57508,145.4289348,127.558562,21893.42352,147.9642643,144924.2896
FALSE,25,9,16,107.3692908,23858.6364,154.462411,153.6917639,34460.33241,185.6349439,146919.448
FALSE,25,9,16,72.40308528,17387.9176,131.8632534,55.40027335,9118.950822,95.49319778,146559.2747
FALSE,25,9,16,112.2738604,25388.16616,159.3366441,60.1874545,9807.800541,99.03434021,146614.2844
FALSE,25,9,32,106.8528941,32076.00071,179.0977407,81.74531987,16522.62968,128.5403815,77910.47925
FALSE,25,9,32,130.5265786,36155.35136,190.1456057,121.7426205,26203.39009,161.8746122,76119.83008
FALSE,25,9,32,86.10716927,24288.10959,155.8464295,94.27198632,18657.00965,136.5906646,77481.17358
FALSE,25,9,32,118.539472,35040.42801,187.1908866,131.8144619,41073.22279,202.6652974,76259.79077
FALSE,25,9,32,108.6307461,34943.6912,186.9323172,75.69547357,16970.11859,130.2694077,76611.604
FALSE,25,9,64,123.5285129,35984.74704,189.6964603,142.8677617,35086.85161,187.3148462,46528.87549
FALSE,25,9,64,103.6070379,37436.39473,193.4848695,110.2175148,26400.85894,162.4834113,46340.67627
FALSE,25,9,64,238.2285305,92104.60618,303.487407,156.4899765,43938.21582,209.6144456,46349.11768
FALSE,25,9,64,163.7607667,49133.29206,221.6603078,204.3092393,53397.52558,231.0790462,46138.3103
FALSE,25,9,64,143.7392081,49831.48234,223.2296628,109.65396,25683.62265,160.2611077,46349.02881
FALSE,25,10,16,132.2581148,29776.06595,172.557428,135.4949048,25351.64207,159.2219899,164994.5806
FALSE,25,10,16,76.07747601,17345.88585,131.7037807,62.26261601,8799.442988,93.80534626,163750.6226
FALSE,25,10,16,125.6730639,25434.66009,159.4824758,152.1684497,27311.03261,165.2604993,160202.615
FALSE,25,10,16,72.56123723,16446.26333,128.2429855,47.35652429,7526.483868,86.75531032,165478.4253
FALSE,25,10,16,71.15709458,15671.50862,125.1858963,93.11220329,21592.87429,146.9451404,161973.2339
FALSE,25,10,32,141.3655198,35460.41569,188.3093617,99.74102957,19766.62363,140.593825,86128.62646
FALSE,25,10,32,201.0213425,63827.40819,252.640868,146.2153432,35374.20797,188.0803232,87308.52979
FALSE,25,10,32,197.2105117,55347.01907,235.2594718,209.2336546,53644.2338,231.6122488,85783.10815
FALSE,25,10,32,131.8288605,34907.55667,186.8356408,87.92074724,16789.01601,129.5724354,86637.23413
FALSE,25,10,32,115.1784883,29587.29192,172.0095693,95.64487207,16403.5357,128.0762886,91645.74072
FALSE,25,10,64,108.9246387,38013.2928,194.9699792,147.447873,44467.65344,210.8735485,53947.11987
FALSE,25,10,64,161.2969388,47287.4347,217.4567421,215.3335246,76577.36033,276.7261468,52224.59351
FALSE,25,10,64,115.540672,39032.73925,197.56705,139.51789,42849.85421,207.0020633,55159.62354
FALSE,25,10,64,157.6681779,48244.61429,219.6465668,120.1887719,28350.25805,168.3753487,54133.67822
FALSE,25,10,64,137.3951565,52995.46221,230.207433,212.5504087,84587.47042,290.8392519,52959.58203
