learning_rate,sequence_size,batch_size,hidden_layers,train_score_MAE,train_score_MSE,train_score_RMSE,test_score_MAE,test_score_MSE,test_score_RMSE,epoches_stopped,exec_time,try
0.1,5,16,0,881.9376891,1324285.028,1150.775837,912.8415354,1206178.032,1098.261368,7,15475.9292,1
0.1,5,16,0,965.6026232,1621195.602,1273.261796,1672.530758,3355879.542,1831.905986,6,14364.70581,2
0.1,5,16,1,1231.660021,2224238.331,1491.388055,990.6159939,1704558.059,1305.587247,7,28175.00366,1
0.1,5,16,1,1933.423264,5461279.482,2336.938057,980.8092281,1201612.613,1096.180922,5,21276.00317,2
0.1,5,16,2,2291.089187,6730368.847,2594.295443,329.7276396,158639.7752,398.2960898,8,39569.20117,1
0.1,5,16,2,1501.824397,3285202.071,1812.51264,681.8962284,577979.5798,760.2496825,5,29637.20874,2
0.1,5,16,3,2279.651138,6558163.239,2560.891102,758.0396303,633624.5692,796.0053827,0,55756.97021,1
0.1,5,16,3,2282.147526,6575599.434,2564.293165,598.1255263,415161.387,644.3301848,5,37492.57739,2
0.1,5,32,0,1239.925008,2213624.847,1487.825543,566.1755285,567793.5929,753.520798,6,9118.001709,1
0.1,5,32,0,959.1354228,1516100.751,1231.300431,1029.532665,1380748.648,1175.052615,0,12110.92603,2
0.1,5,32,1,885.3697525,1355146.113,1164.107432,1038.158603,1286919.507,1134.424747,5,14246.44946,1
0.1,5,32,1,1118.378195,1991339.973,1411.148459,1073.882178,1440248.07,1200.103358,6,16809.57764,2
0.1,5,32,2,2295.932334,6814457.051,2610.451503,228.8332795,96187.17981,310.1405807,7,23946.61938,1
0.1,5,32,2,3134.203501,15262106.43,3906.6746,2218.881647,4982436.242,2232.137147,6,22922.05396,2
0.1,5,32,3,967.9838083,1674803.34,1294.141932,1394.383551,2381905.051,1543.342169,5,26140.55811,1
0.1,5,32,3,2281.525301,6567305.78,2562.675512,632.5155447,458735.8415,677.3004072,5,26333.63599,2
0.1,5,64,0,1250.723456,2238825.237,1496.270442,1026.37347,1315126.01,1146.789436,0,9107.055176,1
0.1,5,64,0,1159.371978,2169852.12,1473.041792,881.607739,1019798.565,1009.850763,7,7780.551025,2
0.1,5,64,1,1392.810323,3086858.618,1756.945821,811.0157516,801391.4547,895.2046999,8,15122.44336,1
0.1,5,64,1,1540.555912,3529190.127,1878.613884,682.4272734,902327.084,949.9089872,6,13095.35425,2
0.1,5,64,2,1365.220064,3073576.444,1753.161842,544.8626532,430194.0705,655.8918131,6,19425.95605,1
0.1,5,64,2,7496.761574,62758891.43,7922.050961,6765.279139,45828002.26,6769.638267,0,23900.32275,2
0.1,5,64,3,2281.970416,6573072.307,2563.800364,607.5253711,426873.1659,653.3553137,0,29143.4541,1
0.1,5,64,3,1718.853997,4506303.263,2122.805517,673.9582069,630915.8976,794.302145,7,23734.73779,2
0.1,10,16,0,1115.593691,1929465.567,1389.052039,1620.913977,2986594.213,1728.176557,7,23076.20239,1
0.1,10,16,0,12565.32954,301347025.1,17359.34979,11661.85727,206705682.4,14377.26269,9,27444.57813,2
0.1,10,16,1,1417.553906,3282679.078,1811.816513,1489.515063,3028470.475,1740.250119,5,31170.04712,1
0.1,10,16,1,2091.157861,6828420.461,2613.124655,2192.595189,7338039.418,2708.881581,0,49340.18018,2
0.1,10,16,2,18334.84108,354305079.8,18822.99338,22201.25629,500950268.3,22381.91833,0,67890.68555,1
0.1,10,16,2,1603.426884,3916819.989,1979.09575,818.9614474,1006466.378,1003.227979,7,56451.06982,2
0.1,10,16,3,12092.08329,152782368.8,12360.51653,11365.81519,129239150.8,11368.33984,0,84863.78296,1
0.1,10,16,3,8393.16776,77009155.63,8775.486062,7666.899665,58838746.27,7670.641842,0,83548.44263,2
0.1,10,32,0,1379.315629,2737974.197,1654.682506,1019.768888,1261278.516,1123.066568,5,11552.02466,1
0.1,10,32,0,21776.94096,491060264.9,22159.87962,18526.93911,360516793.4,18987.27978,0,16868.40137,2
0.1,10,32,1,1863.997964,4941848.767,2223.026938,922.1630974,1024972.991,1012.409498,0,30285.47217,1
0.1,10,32,1,3657.985695,23554614.15,4853.309608,2656.014891,11107775.84,3332.833005,0,29402.83984,2
0.1,10,32,2,12151.07938,154212620.7,12418.23742,11424.81129,130583708.7,11427.3229,0,42814.79297,1
0.1,10,32,2,12045.63309,151661167.2,12315.07885,11319.365,128185419.7,11321.90001,0,48224.0127,2
0.1,10,32,3,12920.50077,173503230.7,13172.06251,12194.23267,148756706.3,12196.58584,0,63435.03149,1
0.1,10,32,3,2325.105397,7158865.768,2675.605682,1497.61443,2300244.774,1516.655786,9,60547.95605,2
0.1,10,64,0,1569.238632,3744549.532,1935.083857,539.8639988,410772.2293,640.9151498,7,13584.90796,1
0.1,10,64,0,1619.517913,3891344.454,1972.649095,1166.924685,2075486.79,1440.654987,0,16193.53516,2
0.1,10,64,1,2325.414477,8559223.184,2925.61501,2135.231471,7465041.736,2732.222856,8,22772.34448,1
0.1,10,64,1,2711.630354,11505212.47,3391.933442,3540.246294,16087248.12,4010.891188,0,27563.52173,2
0.1,10,64,2,2279.815789,6682708.902,2585.093596,1070.968278,1204368.801,1097.437379,0,33291.29346,1
0.1,10,64,2,12150.27323,154193030.1,12417.44862,11424.00513,130565289.1,11426.51693,5,25644.86768,2
0.1,10,64,3,12108.9202,153189839,12376.98829,11382.65211,129622164.8,11385.17302,0,44236.854,1
0.1,10,64,3,14215.94999,208657124.6,14444.96883,13489.68189,182028913.3,13491.80912,0,44585.03638,2
0.1,15,16,0,13901.77353,333849203.6,18271.54081,20782.05286,592159101.5,24334.31942,0,41828.52319,1
0.1,15,16,0,nan,nan,nan,nan,nan,nan,4,20945.12207,2
0.1,15,16,1,nan,nan,nan,nan,nan,nan,4,41353.68066,1
0.1,15,16,1,nan,nan,nan,nan,nan,nan,4,41016.01563,2
0.1,15,16,2,nan,nan,nan,nan,nan,nan,4,51150.1123,1
0.1,15,16,2,nan,nan,nan,nan,nan,nan,4,50157.33374,2
0.1,15,16,3,2521.821996,8453273.981,2907.451458,2188.161158,4929089.631,2220.155317,0,113924.5586,1
0.1,15,16,3,nan,nan,nan,nan,nan,nan,4,62935.18311,2
0.1,15,32,0,4070.849334,21857588.95,4675.210043,3478.712265,13232180.27,3637.606393,5,15749.2937,1
0.1,15,32,0,101201.8046,10618863156,103047.8683,81479.45974,7024818053,83814.18766,0,21807.01392,2
0.1,15,32,1,nan,nan,nan,nan,nan,nan,4,22920.53711,1
0.1,15,32,1,2079.371978,6832692.752,2613.941995,1056.366307,1409174.73,1187.086656,0,39984.95215,2
0.1,15,32,2,nan,nan,nan,nan,nan,nan,4,33385.30713,1
0.1,15,32,2,29272.65808,866345664.5,29433.75043,27935.09578,780948283.7,27945.45193,0,61974.74829,2
0.1,15,32,3,nan,nan,nan,nan,nan,nan,4,49446.69189,1
0.1,15,32,3,nan,nan,nan,nan,nan,nan,4,48177.90601,2
0.1,15,64,0,nan,nan,nan,nan,nan,nan,4,12902.95166,1
0.1,15,64,0,nan,nan,nan,nan,nan,nan,4,10197.66919,2
0.1,15,64,1,nan,nan,nan,nan,nan,nan,4,21320.80591,1
0.1,15,64,1,nan,nan,nan,nan,nan,nan,4,20932.78149,2
0.1,15,64,2,nan,nan,nan,nan,nan,nan,4,30228.36865,1
0.1,15,64,2,nan,nan,nan,nan,nan,nan,4,26887.56421,2
0.1,15,64,3,12151.79024,154236365.2,12419.19342,11429.93555,130699844.4,11432.40326,5,39055.33472,1
0.1,15,64,3,nan,nan,nan,nan,nan,nan,4,36732.2915,2
0.01,5,16,0,771.6182433,1092574.081,1045.262685,1007.180379,1352646.416,1163.033283,0,22672.43774,1
0.01,5,16,0,847.7273047,1212195.706,1100.997596,1200.04311,2224287.577,1491.404565,5,12709.38721,2
0.01,5,16,1,896.6853759,1302336.99,1141.199803,946.1902101,1054720.119,1026.995676,5,25353.54224,1
0.01,5,16,1,792.9992454,1188031.533,1089.968593,951.2713118,1391692.513,1179.700179,6,25199.40259,2
0.01,5,16,2,1245.305376,2539495.47,1593.579452,926.7771407,1905713.462,1380.47581,0,47727.9043,1
0.01,5,16,2,670.3045249,943327.8726,971.2506745,1115.165135,1591226.042,1261.438085,8,43822.27905,2
0.01,5,16,3,860.5195508,1404416.841,1185.080943,898.4639383,1241088.969,1114.041727,5,35960.32715,1
0.01,5,16,3,821.2986671,1320281.042,1149.034831,1258.796798,1974090.19,1405.023199,5,35621.69751,2
0.01,5,32,0,764.0058396,1063574.28,1031.297377,971.8743257,1503620.065,1226.221866,6,8932.236572,1
0.01,5,32,0,1099.474959,1757993.454,1325.893455,966.0559782,1421329.28,1192.195152,5,9818.709229,2
0.01,5,32,1,691.6113158,951979.6478,975.6944439,1197.457192,1708390.97,1307.05431,0,19773.2085,1
0.01,5,32,1,784.7687874,1115665.552,1056.250705,689.2916614,693851.6791,832.9775982,0,19542.18457,2
0.01,5,32,2,908.1629158,1383229.254,1176.107671,983.3382098,1513076.435,1230.071719,5,20672.15356,1
0.01,5,32,2,845.1342757,1291108.508,1136.269558,919.9141341,1564606.288,1250.842231,5,21305.02026,2
0.01,5,32,3,1027.951204,1780595.239,1334.389463,1397.256598,2196974.866,1482.219574,5,31598.27856,1
0.01,5,32,3,1046.962327,1978452.668,1406.5748,1622.481451,2993900.483,1730.289133,5,28134.78711,2
0.01,5,64,0,1033.221876,1727651.719,1314.401658,1182.074432,2363295.404,1537.301338,6,8042.062988,1
0.01,5,64,0,898.3902548,1357564.614,1165.145748,871.2799467,1104247.115,1050.83163,5,6487.216064,2
0.01,5,64,1,855.8493846,1379193.134,1174.390537,1038.196174,1709389.441,1307.436209,0,17758.4585,1
0.01,5,64,1,740.8877544,1073372.584,1036.036961,1160.688766,1737002.687,1317.953978,0,16742.48828,2
0.01,5,64,2,798.6135354,1129994.537,1063.012012,834.0174418,1158443.216,1076.31,0,26144.23193,1
0.01,5,64,2,763.7520589,1070978.7,1034.881008,999.2790394,1591390.432,1261.503243,0,21509.17163,2
0.01,5,64,3,722.6591052,1005035.491,1002.514584,946.6816991,1280681.754,1131.672105,0,31163.7002,1
0.01,5,64,3,1015.893667,1602111.671,1265.7455,1317.391442,2034811.501,1426.468191,5,25060.80444,2
0.01,10,16,0,1080.02709,1841386.541,1356.976986,954.5459069,1294192.283,1137.625722,5,18331.04565,1
0.01,10,16,0,759.0271441,1078563.932,1038.539326,727.8787123,716903.094,846.7013015,5,20442.04248,2
0.01,10,16,1,905.3274605,1512402.91,1229.797914,795.1033036,808325.4353,899.069205,0,50674.74341,1
0.01,10,16,1,873.62146,1316634.949,1147.447144,1366.202851,2408121.529,1551.812337,5,33210.12085,2
0.01,10,16,2,1035.167562,1748619.083,1322.353615,903.0862938,1125247.006,1060.776605,6,54947.01563,1
0.01,10,16,2,665.8021447,946547.2177,972.9065822,1463.639366,2536752.39,1592.718553,9,70579.78613,2
0.01,10,16,3,880.129991,1406233.638,1185.847224,1092.733777,1483531.694,1218.003159,5,61717.72339,1
0.01,10,16,3,2282.274254,6565487.92,2562.320807,686.3015069,528405.5549,726.9150947,0,94674.60132,2
0.01,10,32,0,801.790861,1153464.144,1073.99448,494.9976053,444361.3057,666.6043097,5,14156.3186,1
0.01,10,32,0,933.0936971,1425032.996,1193.747459,950.2348033,1181815.493,1087.113376,5,11947.81494,2
0.01,10,32,1,829.6914172,1234546.629,1111.101538,847.779049,1194531.051,1092.946042,5,26853.34888,1
0.01,10,32,1,640.6563057,806226.3356,897.9010723,670.5125009,763272.1543,873.6544822,0,33001.30249,2
0.01,10,32,2,935.2174825,1440268.066,1200.111689,1097.011649,1509578.205,1228.648935,5,33640.7417,1
0.01,10,32,2,765.3429202,1098501.303,1048.094129,916.4249479,1113549.316,1055.248462,5,34519.40869,2
0.01,10,32,3,813.9341298,1203108.283,1096.862928,1271.693386,2219981.744,1489.960316,5,44620.2666,1
0.01,10,32,3,914.026797,1477025.747,1215.329481,1170.616324,1555835.227,1247.331242,5,42696.48389,2
0.01,10,64,0,972.1908241,1538645.969,1240.42169,822.5736805,910543.2096,954.2238781,7,11483.89819,1
0.01,10,64,0,998.2711689,1617281.897,1271.723986,1134.073617,1786006.281,1336.41546,5,11749.61816,2
0.01,10,64,1,967.057646,1540544.073,1241.186558,1157.555401,1688505.634,1299.425117,8,23646.91406,1
0.01,10,64,1,1024.932765,1821067.54,1349.469355,1467.180134,2610142.178,1615.593445,6,20782.84277,2
0.01,10,64,2,761.675703,1105679.016,1051.512728,1195.603597,1712159.918,1308.495288,6,27102.8313,1
0.01,10,64,2,1005.498324,1711576.814,1308.272454,1349.13969,2398566.097,1548.730479,7,32982.58716,2
0.01,10,64,3,800.5309287,1230320.919,1109.198323,1309.065635,2240425.626,1496.80514,9,43657.76563,1
0.01,10,64,3,922.0651444,1546117.566,1243.429759,1229.820731,1850685.103,1360.398877,6,34206.23999,2
0.01,15,16,0,985.6100423,1580964.683,1257.364181,800.1855275,917238.322,957.7255985,5,25136.15723,1
0.01,15,16,0,842.9958665,1239365.531,1113.267951,823.4957183,1121788.866,1059.145347,6,26580.91113,2
0.01,15,16,1,697.7329108,958940.2184,979.2549302,625.9771664,711585.8122,843.5554589,5,41480.4126,1
0.01,15,16,1,834.7657934,1226041.561,1107.267611,1111.189827,1470453.872,1212.622724,5,41430.81299,2
0.01,15,16,2,984.4442294,2165737.047,1471.644334,1288.515936,2519056.416,1587.153558,0,91792.13647,1
0.01,15,16,2,758.8111543,1138927.041,1067.205248,850.4082711,1055633.695,1027.440361,0,91220.68359,2
0.01,15,16,3,987.58815,1660846.848,1288.738472,1630.580995,2818424.117,1678.816285,0,114613.623,1
0.01,15,16,3,1267.372316,2705668.632,1644.891678,1586.341378,3945567.985,1986.345384,6,87977.27051,2
0.01,15,32,0,1124.071909,2217577.56,1489.153303,764.0252609,1947164.431,1395.408338,6,17678.68091,1
0.01,15,32,0,819.1460383,1175650.925,1084.274377,762.9431478,943643.8966,971.41335,8,21047.38843,2
0.01,15,32,1,695.5531144,931295.3951,965.0364734,1033.801419,1541567.461,1241.598752,5,34076.39868,1
0.01,15,32,1,705.6037348,934791.8747,966.8463553,907.2758719,1156783.468,1075.538688,0,48149.06299,2
0.01,15,32,2,833.9309473,1289168.424,1135.415529,927.1261658,1412734.849,1188.58523,5,48030.9397,1
0.01,15,32,2,984.7471806,1683075.323,1297.333929,1241.366174,1875577.084,1369.517099,5,46390.03467,2
0.01,15,32,3,943.0052161,1485426.958,1218.780931,1029.610549,1646329.801,1283.093839,5,60764.97461,1
0.01,15,32,3,1063.215482,1821492.25,1349.626708,1214.123486,1910870.845,1382.342521,5,62890.68628,2
0.01,15,64,0,796.6235205,1097811.917,1047.765201,881.7440875,1060245.655,1029.682308,5,13821.24561,1
0.01,15,64,0,885.6483174,1406134.937,1185.805607,857.2241008,1085950.649,1042.089559,5,19897.52979,2
0.01,15,64,1,840.3366679,1205405.845,1097.909762,1064.551072,1485557.65,1218.834546,5,22445.53857,1
0.01,15,64,1,973.5061194,1603606.077,1266.335689,1925.223358,4367186.925,2089.78155,5,32801.13696,2
0.01,15,64,2,742.451076,1075893.125,1037.252681,1322.802061,2283496.061,1511.124105,5,35239.32373,1
0.01,15,64,2,917.5381187,1463132.482,1209.600133,1213.137231,1928012.916,1388.529048,7,38277.6062,2
0.01,15,64,3,938.6594012,1616054.576,1271.241352,1143.375209,2226691.441,1492.210254,5,51296.12622,1
0.01,15,64,3,1000.725622,1811407.233,1345.885297,1142.682198,1661595.263,1289.028806,5,42058.25073,2
0.001,5,16,0,847.7990186,1263251.531,1123.94463,831.4144023,969714.5046,984.7408312,5,22851.03345,1
0.001,5,16,0,740.249793,999373.1526,999.6865272,678.329089,845410.6754,919.4621664,0,21306.7063,2
0.001,5,16,1,865.1597694,1227009.465,1107.704593,935.1961223,1579209.81,1256.666149,5,28430.9541,1
0.001,5,16,1,815.0537628,1163747.562,1078.77132,681.0007882,684675.506,827.4512107,0,38557.26245,2
0.001,5,16,2,760.7756412,1073555.693,1036.125327,1090.253804,1714774.487,1309.493981,7,40663.5,1
0.001,5,16,2,839.4158744,1263473.058,1124.043174,894.4896851,1147638.038,1071.278693,0,55496.90796,2
0.001,5,16,3,906.6104325,1434322.208,1197.631917,1050.649695,1673228.29,1293.533258,5,42489.74023,1
0.001,5,16,3,1000.096833,1557075.474,1247.828303,1429.424874,2436763.913,1561.013745,5,41673.38623,2
0.001,5,32,0,896.8617751,1325218.965,1151.181552,885.9369574,1076755.609,1037.668352,5,11168.052,1
0.001,5,32,0,1079.301231,1740816.278,1319.399969,905.532901,1234196.973,1110.944181,5,10079.20654,2
0.001,5,32,1,905.1904786,1327153.926,1152.021669,821.8087933,1071776.246,1035.266268,5,14656.2439,1
0.001,5,32,1,884.5749368,1310810.767,1144.906445,812.4953959,1007577.774,1003.781736,5,17770.20386,2
0.001,5,32,2,957.5574928,1505563.78,1227.014173,1010.098041,1265687.45,1125.027755,5,22429.06543,1
0.001,5,32,2,937.5500897,1443422.439,1201.42517,956.7631766,1194666.651,1093.008075,5,24925.9458,2
0.001,5,32,3,919.0987555,1446201.325,1202.58111,1364.154941,2253549.99,1501.182864,5,27749.92749,1
0.001,5,32,3,1041.614415,1717774.256,1310.638873,997.8859784,1452204.369,1205.074425,5,29394.64795,2
0.001,5,64,0,1034.836161,1649215.529,1284.217867,866.5719283,1132148.936,1064.024876,5,8323.183105,1
0.001,5,64,0,909.1555356,1361719.17,1166.927234,759.7447189,908560.1278,953.1842046,5,8367.858154,2
0.001,5,64,1,1011.906532,1555932.668,1247.370301,907.8598218,1111314.979,1054.189252,6,14442.87476,1
0.001,5,64,1,966.2311395,1482691.87,1217.658355,933.1552855,1154057.416,1074.270644,6,13315.61426,2
0.001,5,64,2,1007.966438,1586612.949,1259.608252,690.5723566,664169.6421,814.9660374,5,20250.72192,1
0.001,5,64,2,1016.013732,1624401.548,1274.520125,1007.433552,1556245.761,1247.495796,6,17973.76782,2
0.001,5,64,3,966.2703822,1502591.109,1225.802231,1281.155787,2018053.782,1420.582198,5,25710.76904,1
0.001,5,64,3,1044.315605,1685578.701,1298.298387,785.7542893,752028.3353,867.195673,5,22576.29102,2
0.001,10,16,0,722.2476674,910261.1674,954.0760805,577.0412656,578996.967,760.9185022,0,30105.92529,1
0.001,10,16,0,731.8699234,957102.524,978.3161677,958.2160491,1238630.883,1112.937951,6,24306.43896,2
0.001,10,16,1,663.3329251,841989.5197,917.5998691,1273.012492,2181435.603,1476.968383,0,53055.78271,1
0.001,10,16,1,731.9803106,1021956.147,1010.918467,712.2548835,770791.8,877.9474927,6,41402.26733,2
0.001,10,16,2,1044.191306,1791716.188,1338.550032,1014.941138,1404375.278,1185.063407,6,61145.45532,1
0.001,10,16,2,861.9733321,1338182.756,1156.798494,727.4994632,918006.2603,958.1264323,5,43841.68042,2
0.001,10,16,3,686.1305528,956465.2871,977.9904331,587.6013783,555557.4124,745.3572381,0,83744.67651,1
0.001,10,16,3,740.1510936,1047407.993,1023.429525,836.6063636,986502.2573,993.2282,0,83598.25635,2
0.001,10,32,0,986.8170668,1609152.268,1268.523657,1030.943671,1727814.333,1314.463515,5,11284.8396,1
0.001,10,32,0,666.6276494,884434.6231,940.4438437,589.0315162,504197.5214,710.0686737,0,16554.68311,2
0.001,10,32,1,835.8394173,1269306.698,1126.635122,726.3579244,827600.2532,909.7253724,6,22379.98267,1
0.001,10,32,1,770.7788091,1062790.564,1030.917341,1093.892619,1734485.432,1316.998645,0,29066.83105,2
0.001,10,32,2,1005.146942,1913856.745,1383.422114,1283.715374,1940206.543,1392.91297,6,31492.19971,1
0.001,10,32,2,868.317171,1335980.269,1155.846127,934.0421522,1377389.227,1173.622268,7,34887.9519,2
0.001,10,32,3,883.7023494,1427724.81,1194.874391,786.6338173,944960.6807,972.0908809,7,44018.9873,1
0.001,10,32,3,864.4956804,1424428.448,1193.494218,869.0002049,1333975.558,1154.978596,7,43672.95239,2
0.001,10,64,0,1002.63764,1596233.853,1263.421487,913.7944438,1053193.614,1026.252217,5,9235.864502,1
0.001,10,64,0,932.286765,1415325.085,1189.674361,933.0494275,1177461.007,1085.108753,5,8680.906982,2
0.001,10,64,1,910.2013168,1393247.938,1180.359241,1007.199082,1340432.794,1157.770614,5,15819.02197,1
0.001,10,64,1,945.1060495,1453175.847,1205.477435,987.3285157,1232978.777,1110.395775,5,15618.74756,2
0.001,10,64,2,975.4567814,1581542.361,1257.593877,860.1022713,1026852.253,1013.337186,5,22625.08008,1
0.001,10,64,2,986.2988594,1647044.065,1283.372146,883.6346848,1080508.137,1039.474933,5,21465.08447,2
0.001,10,64,3,989.5950164,1660404.456,1288.566822,1426.601455,2464376.372,1569.833231,5,27450.57837,1
0.001,10,64,3,992.2827374,1762368.863,1327.542415,1379.82592,2256613.811,1502.202986,5,26804.07373,2
0.001,15,16,0,692.4367715,910155.2755,954.0205844,766.1597755,1031583.945,1015.66921,8,33245.54028,1
0.001,15,16,0,652.8786422,782471.2373,884.5740429,1161.525161,1780355.371,1334.299581,0,35768.15308,2
0.001,15,16,1,822.737055,1194502.308,1092.932893,664.6305072,639967.1817,799.9794883,6,47965.34058,1
0.001,15,16,1,626.9130601,726636.5405,852.4297862,960.7637744,1114041.589,1055.481686,0,64501.37036,2
0.001,15,16,2,760.057467,1064113.624,1031.558832,1222.043742,1898197.291,1377.750809,7,79388.77124,1
0.001,15,16,2,870.9004018,1323059.73,1150.243335,864.9391376,1140439.366,1067.913558,5,63730.6106,2
0.001,15,16,3,651.839441,873918.8116,934.8362486,570.8503452,523981.3664,723.865572,0,125097.2043,1
0.001,15,16,3,823.8113558,1392473.355,1180.031082,732.047793,952638.3647,976.0319486,5,80081.00244,2
0.001,15,32,0,833.4274822,1257922.254,1121.571333,790.7140921,933442.3849,966.148221,5,17780.26172,1
0.001,15,32,0,851.7764863,1275059.586,1129.185364,1358.423063,2300451.443,1516.723918,0,25593.43335,2
0.001,15,32,1,719.0123266,986381.6978,993.1675074,948.9096581,1292390.037,1136.833337,8,41312.10034,1
0.001,15,32,1,840.3001698,1127638.392,1061.903194,929.4612582,1388876.749,1178.506151,9,45652.43188,2
0.001,15,32,2,867.2395415,1316957.47,1147.587674,1160.423414,1992019.78,1411.389308,6,46981.21729,1
0.001,15,32,2,812.5057834,1093243.119,1045.58267,818.0239092,1301090.676,1140.653618,0,63471.50342,2
0.001,15,32,3,838.1363817,1334519.603,1155.214094,1374.441131,2455204.944,1566.90936,9,75670.48535,1
0.001,15,32,3,992.517648,1811129.709,1345.782192,1303.78568,2193286.644,1480.974896,5,47786.28345,2
0.001,15,64,0,911.6416333,1415014.565,1189.543847,1017.493389,1299270.115,1139.855304,5,11380.36938,1
0.001,15,64,0,894.0166406,1303188.526,1141.57283,761.6052607,968345.567,984.0455106,5,11263.76831,2
0.001,15,64,1,907.2420734,1451385.912,1204.734789,802.5448749,942642.5855,970.8978244,5,20865.08545,1
0.001,15,64,1,941.3648127,1487225.832,1219.518689,763.3688644,852657.3313,923.3944614,5,20695.04834,2
0.001,15,64,2,1068.243132,1847617.414,1359.270913,1077.269109,1896365.114,1377.085732,5,27784.66406,1
0.001,15,64,2,985.7237325,1626868.417,1275.487521,858.3560245,1039390.862,1019.505205,5,29709.10693,2
0.001,15,64,3,1022.929329,1900409.329,1378.553346,1355.476461,2209281.519,1486.365204,5,34201.43433,1
0.001,15,64,3,935.4263242,1554541.161,1246.8124,938.466504,1174779.118,1083.872279,5,34292.86743,2
0.0001,5,16,0,1107.502432,1907777.958,1381.223356,1084.007022,1373937.387,1172.150753,5,13254.41504,1
0.0001,5,16,0,1061.554782,1737899.835,1318.29429,1018.676763,1262801.771,1123.744531,5,12642.00513,2
0.0001,5,16,1,1031.941452,1649838.673,1284.46046,1083.552463,1427476.656,1194.770545,5,21435.00415,1
0.0001,5,16,1,1017.416777,1622388.755,1273.730252,1055.44319,1401235.369,1183.73788,5,22027.76147,2
0.0001,5,16,2,1077.081278,1757470.631,1325.696282,1147.058967,1561890.001,1249.755976,5,29655.02197,1
0.0001,5,16,2,1047.446807,1670667.098,1292.54288,963.794476,1117762.943,1057.243086,6,34346.03784,2
0.0001,5,16,3,1092.55162,1823272.482,1350.286074,1068.104703,1326996.464,1151.953325,5,37154.65576,1
0.0001,5,16,3,954.4295033,1543159.183,1242.239584,1125.67254,1510787.008,1229.14076,6,39562.75073,2
0.0001,5,32,0,1233.834887,2248922.844,1499.640905,722.3866599,670462.1498,818.8175315,6,9404.56958,1
0.0001,5,32,0,1195.810245,2171449.303,1473.58383,919.7577311,1003840.317,1001.918318,6,8848.904297,2
0.0001,5,32,1,1037.31946,1673060.22,1293.468291,1019.717542,1282367.321,1132.416584,6,15380.33032,1
0.0001,5,32,1,1112.515868,1939522.837,1392.667526,882.1753139,914157.6083,956.1158969,6,15377.86572,2
0.0001,5,32,2,1065.283088,1744477.544,1320.786714,844.3333814,882674.581,939.5076269,6,21773.66919,1
0.0001,5,32,2,1063.951886,1770149.856,1330.469788,801.0534831,754254.6784,868.4783696,6,21838.32422,2
0.0001,5,32,3,1109.487688,1882421.805,1372.013777,783.6688264,725174.1575,851.571581,8,31811.94092,1
0.0001,5,32,3,1140.536218,1989210.099,1410.393597,774.9573069,705995.4995,840.2353834,7,29466.4707,2
0.0001,5,64,0,1316.307807,2565126.954,1601.601372,432.7581919,299351.1315,547.1299037,8,7870.063232,1
0.0001,5,64,0,1348.261513,2714842.268,1647.677841,513.1601254,427504.1062,653.8379816,7,7315.821289,2
0.0001,5,64,1,1204.135797,2234508.068,1494.827103,475.815792,303897.9077,551.2693603,7,13625.70264,1
0.0001,5,64,1,1201.599743,2170569.436,1473.285253,574.9326799,448753.9113,669.8909697,7,12739.4939,2
0.0001,5,64,2,1166.93227,2059873.031,1435.225777,603.0876452,440672.1845,663.8314428,7,17764.72534,1
0.0001,5,64,2,1144.098776,1975452.427,1405.507889,1059.314374,1319786.634,1148.81967,9,20594.75977,2
0.0001,5,64,3,1198.566789,2200774.61,1483.500795,870.8282322,912846.9697,955.4302537,0,25448.55396,1
0.0001,5,64,3,1159.380177,2054450.769,1433.335539,857.154022,868829.3725,932.1101719,0,25272.16089,2
0.0001,10,16,0,1014.236129,1622992.569,1273.967256,1103.660674,1568232.823,1252.29103,5,17744.59204,1
0.0001,10,16,0,1038.345299,1693025.784,1301.163243,1041.198664,1383298.488,1176.137104,5,17433.2251,2
0.0001,10,16,1,1005.411062,1641607.925,1281.252483,982.858105,1168805.202,1081.112946,5,30970.27295,1
0.0001,10,16,1,1016.708865,1654363.524,1286.220636,1023.483189,1325283.015,1151.209371,5,30982.12134,2
0.0001,10,16,2,1043.603255,1744833.39,1320.921417,974.6958832,1195604.063,1093.436812,5,43910.35034,1
0.0001,10,16,2,1051.545187,1770950.32,1330.770574,898.0360642,1014090.824,1007.020766,5,43413.50757,2
0.0001,10,16,3,1071.766411,1881341.244,1371.619934,815.7662877,813808.1257,902.1131446,5,54575.15308,1
0.0001,10,16,3,1020.75856,1770097.881,1330.450255,1284.699249,2030978.449,1425.124012,5,55185.46265,2
0.0001,10,32,0,1077.084166,1804630.36,1343.365312,1099.351535,1496545.467,1223.333751,5,11198.28198,1
0.0001,10,32,0,1042.06241,1745419.857,1321.14339,1085.39649,1439974.534,1199.989389,5,11231.13916,2
0.0001,10,32,1,1073.853324,1837954.916,1355.711959,877.0271371,969343.8508,984.5526146,5,20301.99048,1
0.0001,10,32,1,1030.687321,1704839.121,1305.694881,1112.5927,1566337.603,1251.5341,5,20289.96558,2
0.0001,10,32,2,1094.757318,1910832.025,1382.32848,969.5925047,1184969.172,1088.562893,6,31327.3877,1
0.0001,10,32,2,1094.697175,1886406.819,1373.46526,943.4000357,1111732.175,1054.387109,6,31709.15991,2
0.0001,10,32,3,1132.59079,2023709.41,1422.571408,805.3068588,753632.1714,868.1199061,6,39483.80859,1
0.0001,10,32,3,1057.217494,1864245.787,1365.373863,928.2390457,1056360.194,1027.793848,7,42934.98853,2
0.0001,10,64,0,1229.278632,2273153.324,1507.698021,780.6007292,738947.49,859.62055,7,10888.35767,1
0.0001,10,64,0,1141.614741,2051285.709,1432.231025,651.1746951,553028.639,743.6589534,7,10328.59692,2
0.0001,10,64,1,1172.979761,2090234.133,1445.764204,786.4363556,742051.5989,861.424169,6,16898.52417,1
0.0001,10,64,1,1097.262635,1900293.665,1378.511395,977.3455131,1200540.106,1095.691611,7,18467.29102,2
0.0001,10,64,2,1106.562065,1933744.955,1390.591585,983.6552383,1168780.207,1081.101386,7,25329.00195,1
0.0001,10,64,2,1112.956235,1990466.622,1410.838978,953.894149,1093508.384,1045.709512,7,25769.05835,2
0.0001,10,64,3,1121.57732,2026559.22,1423.572696,767.075497,731203.1812,855.1041932,7,31316.02466,1
0.0001,10,64,3,1059.10642,1847975.173,1359.402506,1068.669117,1438405.774,1199.335555,8,33519.47339,2
0.0001,15,16,0,1026.5569,1682596.298,1297.149297,1071.483518,1507624.896,1227.853776,5,22470.83765,1
0.0001,15,16,0,1043.910839,1734576.3,1317.033143,927.335211,1117395.417,1057.069258,5,22363.11108,2
0.0001,15,16,1,987.1919839,1645218.55,1282.660731,882.0598498,988058.22,994.011177,5,40940.61279,1
0.0001,15,16,1,1020.39749,1678244.15,1295.470629,1061.215124,1468691.289,1211.895742,5,41455.31445,2
0.0001,15,16,2,1028.69014,1799102.167,1341.306142,938.0619738,1096525.168,1047.150977,5,58278.50684,1
0.0001,15,16,2,1051.838965,1803578.984,1342.973933,964.5557087,1168148.964,1080.809402,5,58821.53467,2
0.0001,15,16,3,1046.700881,1850034.002,1360.15955,948.8005599,1069633.594,1034.230919,5,72860.11987,1
0.0001,15,16,3,949.5740938,1621432.141,1273.35468,1197.775558,1729709.002,1315.184018,7,93902.69775,2
0.0001,15,32,0,1093.503431,1880575.061,1371.340607,1170.94385,1688618.611,1299.468588,5,14929.01221,1
0.0001,15,32,0,1078.097606,1832591.139,1353.7323,896.8156934,1030009.27,1014.893723,5,14255.71875,2
0.0001,15,32,1,1102.103656,1871971.427,1368.200068,1100.087617,1542633.449,1242.027958,5,25599.8103,1
0.0001,15,32,1,1036.759323,1758287.04,1326.004163,1052.164239,1375926.528,1172.998946,6,29122.10059,2
0.0001,15,32,2,1095.446174,1917979.233,1384.911272,904.1685785,1046972.017,1023.216506,5,36580.81885,1
0.0001,15,32,2,1091.512599,1900147.653,1378.458433,1124.669627,1576698.626,1255.666606,5,37160.07251,2
0.0001,15,32,3,1144.163118,2063680.059,1436.551447,1008.203162,1245634.609,1116.080019,6,52198.03735,1
0.0001,15,32,3,1138.336237,2048019.736,1431.090401,913.2336253,992458.8531,996.222291,6,51503.66162,2
0.0001,15,64,0,1095.178886,1865887.685,1365.974994,878.3966289,935717.7233,967.325035,6,12525.79907,1
0.0001,15,64,0,1091.413323,1909921.065,1381.998938,1124.588714,1546525.778,1243.593896,7,13165.20605,2
0.0001,15,64,1,1068.09967,1864282.392,1365.387268,927.0594505,1018212.265,1009.065045,7,24072.21826,1
0.0001,15,64,1,1103.568111,1933451.571,1390.486092,860.6981185,906015.4786,951.8484536,6,21978.14673,2
0.0001,15,64,2,1111.005985,2000023.457,1414.221856,1032.96552,1278396.577,1130.662008,7,33050.08325,1
0.0001,15,64,2,1124.455409,2041707.721,1428.883382,901.7139485,1012214.342,1006.088635,6,30134.23169,2
0.0001,15,64,3,1117.236572,2056262.668,1433.967457,708.2749662,619558.2474,787.1202242,8,44306.4895,1
0.0001,15,64,3,1135.678121,2123799.536,1457.32616,890.9175149,981066.3955,990.4879583,7,40878.50513,2
0.1,5,16,0,921.9978753,1450266.997,1204.270317,633.3646318,643695.7182,802.3064989,5,12394.13428,3
0.1,5,16,1,960.4148111,1605124.845,1266.935217,743.0575548,880588.109,938.3965628,6,24250.03345,3
0.1,5,16,2,2282.450433,6580360.632,2565.221361,582.049165,395570.0756,628.9436187,0,47485.03564,3
0.1,5,16,3,2281.430605,6566225.659,2562.464763,638.0494276,465848.6074,682.5310304,0,53067.14771,3
0.1,5,32,0,1598.046726,3718267.739,1928.281032,443.6665041,285350.2073,534.1818111,0,12879.66528,3
0.1,5,32,1,1521.407235,3587316.393,1894.021223,394.0560697,245406.0251,495.3847243,5,17428.92651,3
0.1,5,32,2,144614.2539,2.74E+11,523276.2973,63276.40537,1.84E+11,428412.3749,7,25639.70508,3
0.1,5,32,3,2374.822362,7930064.391,2816.037001,440.9998305,252688.8387,502.6816475,0,36365.78369,3
0.1,5,64,0,1266.777856,2587289.246,1608.505283,486.5341528,462741.4874,680.2510473,0,8488.197754,3
0.1,5,64,1,1333.585091,2444650.707,1563.537882,935.2653471,1167385.018,1080.455931,6,12415.27393,3
0.1,5,64,2,931.3248923,1416246.622,1190.061604,1038.842249,1284388.477,1133.308642,5,15842.91528,3
0.1,5,64,3,2280.162057,6557562.798,2560.773867,721.2433531,579192.4538,761.0469459,9,26254.98169,3
0.1,10,16,0,2432.434821,10112765.93,3180.057536,2608.146041,11601551.01,3406.104961,8,25332.25342,3
0.1,10,16,1,11770.85184,145116843.7,12046.44527,11044.58375,122040225.9,11047.18181,0,49149.99194,3
0.1,10,16,2,121253.6736,14709017256,121280.7374,120527.4055,14526912880,120527.6436,6,49601.23242,3
0.1,10,16,3,9663.384801,99944896.4,9997.24444,8937.116706,79929450.81,8940.327221,0,84130.26831,3
0.1,10,32,0,1668.484519,4272372.107,2066.971724,1196.404595,1688211.116,1299.311785,6,13391.65942,3
0.1,10,32,1,12149.85624,154182897.2,12417.0406,11423.58814,130555761.8,11426.10003,0,30541.88647,3
0.1,10,32,2,56698.34598,3221266328,56756.20079,55972.07789,3132930899,55972.5906,5,29151.11768,3
0.1,10,32,3,2282.373235,6566111.752,2562.442536,679.1389093,518625.4546,720.1565486,5,36752.06274,3
0.1,10,64,0,1744.746591,4425685.297,2103.73128,684.838741,618593.413,786.5070966,0,12153.99341,3
0.1,10,64,1,12151.18387,154215160.1,12418.33967,11424.91578,130586096.3,11427.42737,5,15446.94604,3
0.1,10,64,2,12151.30887,154218197.9,12418.46198,11425.04078,130588952.6,11427.55234,5,22586.9104,3
0.1,10,64,3,16121.73661,266474281.8,16324.04,15395.46851,237077846.5,15397.33245,0,36722.81982,3
0.1,15,16,0,2122.441386,5994689.471,2448.405496,1676.566488,4324906.962,2079.641066,0,36073.29639,3
0.1,15,16,1,12150.63838,154208372.3,12418.06637,11428.78369,130673514.4,11431.25166,5,42378.396,3
0.1,15,16,2,nan,nan,nan,nan,nan,nan,4,50887.84912,3
0.1,15,16,3,nan,nan,nan,nan,nan,nan,4,63405.53735,3
0.1,15,32,0,nan,nan,nan,nan,nan,nan,4,12797.50195,3
0.1,15,32,1,nan,nan,nan,nan,nan,nan,4,23480.25806,3
0.1,15,32,2,1888.474711,5149833.588,2269.324478,340.8977648,175595.7085,419.0414162,9,54940.34839,3
0.1,15,32,3,12310.48436,158036159.1,12571.24334,11736.7599,137799251.5,11738.79259,0,69313.40308,3
0.1,15,64,0,12151.96651,154240649.2,12419.36589,11430.11182,130703873.9,11432.57949,5,11034.5166,3
0.1,15,64,1,54946.22423,3057973059,55298.94266,49698.30258,2512013075,50119.98678,0,29468.2666,3
0.1,15,64,2,nan,nan,nan,nan,nan,nan,4,24818.87744,3
0.1,15,64,3,nan,nan,nan,nan,nan,nan,4,30397.61499,3
0.01,5,16,0,793.0059112,1095455.337,1046.640022,740.2377235,755151.236,868.994382,7,15227.12402,3
0.01,5,16,1,811.6002449,1117650.097,1057.189717,871.1601769,1141914.003,1068.603764,5,20677.20825,3
0.01,5,16,2,672.1128475,956091.0031,977.7990607,988.4137355,1155583.615,1074.980751,0,42092.35083,3
0.01,5,16,3,777.7923734,1215270.972,1102.393293,1343.845793,2951456.436,1717.980336,7,43551.64136,3
0.01,5,32,0,894.8033142,1292758.083,1136.995199,818.2083979,1085958.089,1042.093129,5,9038.024902,3
0.01,5,32,1,806.9906084,1111773.488,1054.406699,885.8685255,1172014.565,1082.596215,7,17943.86035,3
0.01,5,32,2,826.355215,1218668.49,1103.933191,775.6570315,1008106.887,1004.045261,5,20405.44922,3
0.01,5,32,3,883.7704513,1304287.262,1142.053966,1164.581999,1582517.823,1257.981647,5,25813.27051,3
0.01,5,64,0,832.1683288,1166653.744,1080.117468,1016.576802,1501118.7,1225.201494,5,6463.965576,3
0.01,5,64,1,842.2294577,1271150.634,1127.453162,850.1171848,1038201.945,1018.921953,6,12841.82715,3
0.01,5,64,2,705.2564761,996265.7873,998.1311474,765.6057732,839958.9341,916.4927355,0,20159.90625,3
0.01,5,64,3,677.2647975,985411.6871,992.6790454,1008.969769,1442126.905,1200.885883,0,25786.89063,3
0.01,10,16,0,776.6769284,1097123.314,1047.436544,923.6507407,1339673.484,1157.442648,6,19548.46411,3
0.01,10,16,1,1041.615032,1664201.117,1290.039192,1008.248716,1490994.384,1221.062809,5,31695.7063,3
0.01,10,16,2,798.867695,1189719.574,1090.742671,1114.672555,2179666.145,1476.369244,5,43666.83545,3
0.01,10,16,3,1080.740249,2045828.966,1430.324777,1307.705412,2059296.338,1435.024856,5,55001.56201,3
0.01,10,32,0,767.5716493,1024900.378,1012.373636,654.3259311,722333.3131,849.9019432,5,11380.32593,3
0.01,10,32,1,810.904626,1298567.533,1139.547074,1239.015237,2017317.453,1420.32301,7,24798.75903,3
0.01,10,32,2,945.1029918,1431952.366,1196.642121,1167.402777,1772810.196,1331.469187,5,28970.99756,3
0.01,10,32,3,962.734937,1602284.703,1265.81385,1067.817179,1376033.373,1173.044489,9,51247.35449,3
0.01,10,64,0,922.3295376,1354459.837,1163.81263,915.3306221,1090440.932,1044.241798,6,10243.7251,3
0.01,10,64,1,1081.144759,1801330.526,1342.136553,1052.8226,1468120.409,1211.660187,8,20140.0437,3
0.01,10,64,2,1053.640087,1896285.87,1377.05696,1223.89948,1859149.062,1363.506165,5,21722.24487,3
0.01,10,64,3,975.502338,1710796.247,1307.9741,1088.666963,1528807.489,1236.44955,5,27095.25098,3
0.01,15,16,0,933.3183473,1432820.82,1197.004937,633.331389,598486.389,773.6190206,5,22744.16138,3
0.01,15,16,1,1001.355146,1607896.195,1268.028468,1017.485073,1536751.934,1239.657991,5,42254.25293,3
0.01,15,16,2,951.2381953,1528022.618,1236.13212,673.6799063,670310.1437,818.7247057,5,59087.7771,3
0.01,15,16,3,2282.458276,6579447.062,2565.043287,817.1787098,724198.7785,850.9986947,0,114559.4297,3
0.01,15,32,0,817.9357078,1132509.518,1064.194305,850.6644081,1116907.211,1056.838309,0,22014.96387,3
0.01,15,32,1,887.0920963,1375087.332,1172.641178,763.5887307,822681.4446,907.0178855,5,26744.7063,3
0.01,15,32,2,892.4755147,1499047.55,1224.355974,892.9355205,1188011.929,1089.9596,6,41603.48535,3
0.01,15,32,3,795.4040588,1262450.147,1123.588068,1034.78772,1615737.818,1271.11676,0,68066.50757,3
0.01,15,64,0,930.7491454,1519384.559,1232.633181,787.6850758,894568.1243,945.8161155,6,12176.9917,3
0.01,15,64,1,734.899701,1026390.12,1013.109135,862.6234422,1191670.437,1091.636586,5,19864.86279,3
0.01,15,64,2,930.9679786,1513908.657,1230.409955,1102.487707,1787980.446,1337.15386,5,27735.1665,3
0.01,15,64,3,1417.455114,3196206.499,1787.793752,1484.295688,3364452.532,1834.244404,6,36527.85181,3
0.001,5,16,0,719.3191316,956897.4741,978.2113647,1049.587387,2092577.807,1446.574508,9,17827.72705,3
0.001,5,16,1,811.2685881,1150260.786,1072.502115,697.6231254,841367.9076,917.2610902,5,20354.17822,3
0.001,5,16,2,901.9660539,1340990.18,1158.011304,732.0237512,849148.7018,921.4926488,5,28780.25537,3
0.001,5,16,3,896.1140599,1374419.074,1172.356206,968.3697514,1451333.654,1204.7131,6,39699.31665,3
0.001,5,32,0,932.0244259,1386589.135,1177.535195,829.5806172,1023104.811,1011.486436,5,8551.253174,3
0.001,5,32,1,856.6525969,1238602.565,1112.925229,565.758148,574212.2529,757.7679413,0,19478.79932,3
0.001,5,32,2,931.1966272,1413385.112,1188.858744,813.3720647,1067122.9,1033.016408,5,19890.23218,3
0.001,5,32,3,1044.514307,1866104.594,1366.054389,1636.079722,3083333.559,1755.942356,5,25294.76563,3
0.001,5,64,0,963.9572553,1470135.307,1212.491364,760.4504327,953341.0464,976.3918509,6,6934.791992,3
0.001,5,64,1,966.9600336,1482423.878,1217.548306,939.9509573,1241918.215,1114.413844,5,12304.50879,3
0.001,5,64,2,1169.648897,2030768.275,1425.050271,1213.330604,1893030.529,1375.87446,5,15608.28906,3
0.001,5,64,3,1089.886849,1775701.036,1332.554328,748.8025093,674772.6965,821.4454921,5,20034.88306,3
0.001,10,16,0,862.5466912,1289555.938,1135.586165,1280.78013,2142451.158,1463.711432,6,19436.08569,3
0.001,10,16,1,736.3952434,1008136.29,1004.059903,790.9681663,904504.741,951.0545416,0,47527.23999,3
0.001,10,16,2,689.5107425,950783.3998,975.0812273,1113.39175,1665277.49,1290.456311,0,66317.08081,3
0.001,10,16,3,958.670698,1560823.53,1249.329232,1394.582017,2666752.619,1633.019479,6,62738.56714,3
0.001,10,32,0,834.5567596,1219831.38,1104.459768,1129.326102,1905307.067,1380.328608,7,14618.7207,3
0.001,10,32,1,898.5507003,1359382.399,1165.925555,791.9453265,971813.2484,985.8058878,5,21132.36719,3
0.001,10,32,2,907.7006275,1419671.175,1191.499549,715.3818021,824970.7703,908.2790156,6,33881.55469,3
0.001,10,32,3,905.9310026,1507027.492,1227.61048,1123.596676,1580284.696,1257.09375,5,37245.40576,3
0.001,10,64,0,930.2345803,1452141.508,1205.048343,989.1179232,1245986.326,1116.237576,5,8745.311523,3
0.001,10,64,1,973.7397741,1516442.381,1231.43915,818.333274,936376.6595,967.6655721,5,15539.18359,3
0.001,10,64,2,1050.243118,1799867.542,1341.591421,1012.472516,1643005.748,1281.797858,5,21612.27246,3
0.001,10,64,3,957.3655003,1605617.064,1267.129458,1403.452023,3136838.068,1771.112099,5,27269.88696,3
0.001,15,16,0,647.325242,772911.3268,879.153756,1296.935395,2129943.543,1459.43261,9,36144.22192,3
0.001,15,16,1,724.9517333,971208.0285,985.4988729,983.9431933,1351806.443,1162.672113,8,59296.57764,3
0.001,15,16,2,639.1037136,810084.6977,900.047053,838.5516745,907814.5758,952.7930393,0,91684.77295,3
0.001,15,16,3,896.6432838,1491887.967,1221.428658,867.86558,1240489.144,1113.772483,5,73184.70093,3
0.001,15,32,0,702.5795722,933319.7802,966.0847686,1093.287877,1849304.827,1359.891476,0,22998.98169,3
0.001,15,32,1,760.8444408,1032594.267,1016.166456,981.379849,1564781.575,1250.912297,6,29610.93408,3
0.001,15,32,2,751.0039167,1154985.423,1074.702481,801.4338185,905901.6694,951.7886684,6,42093.14868,3
0.001,15,32,3,1015.146416,1754602.987,1324.614279,1297.993584,2147923.524,1465.579586,6,51845.68604,3
0.001,15,64,0,975.2283849,1482040.886,1217.391016,1010.699607,1410296.938,1187.559236,5,11630.46411,3
0.001,15,64,1,885.0433058,1412788.703,1188.607884,804.5773782,869465.9188,932.4515638,5,20223.28125,3
0.001,15,64,2,957.061531,1576262.039,1255.492748,909.3437555,1586421.262,1259.53216,5,27938.37329,3
0.001,15,64,3,1026.860507,1763039.122,1327.794834,1042.140286,1422579.885,1192.719533,5,34730.06787,3
0.0001,5,16,0,1151.773285,1969148.223,1403.263419,1288.147942,1932745.978,1390.232347,5,12393.14136,3
0.0001,5,16,1,1035.750603,1683153.589,1297.364093,1201.568236,1775891.259,1332.625701,5,21600.01807,3
0.0001,5,16,2,1090.436035,1819966.655,1349.061398,1101.205159,1460943.951,1208.695144,5,29492.5498,3
0.0001,5,16,3,1080.817949,1799590.684,1341.488235,880.2766965,926260.7387,962.4244068,6,40850.72314,3
0.0001,5,32,0,1127.92635,1981012.852,1407.484583,867.4081439,950686.8141,975.031699,7,9854.708496,3
0.0001,5,32,1,1045.185203,1678732.212,1295.658988,1165.979181,1648249.008,1283.841504,7,17654.24023,3
0.0001,5,32,2,1081.961013,1779051.85,1333.811025,1040.089144,1263698.51,1124.143456,7,23926.82056,3
0.0001,5,32,3,1094.428347,1852562.885,1361.08886,885.3630127,945626.5642,972.4333212,7,30098.21069,3
0.0001,5,64,0,1368.317913,2845070.465,1686.733667,437.3960866,295283.9527,543.4003613,7,7610.970459,3
0.0001,5,64,1,1307.459374,2525501.928,1589.182786,491.1814574,507691.7901,712.52494,6,12209.83228,3
0.0001,5,64,2,1112.404769,1851445.115,1360.678182,865.9346962,905772.5847,951.7208544,0,20649.30591,3
0.0001,5,64,3,1207.36603,2128599.035,1458.97191,903.3382489,1017787.615,1008.854606,0,25749.82349,3
0.0001,10,16,0,989.1470762,1583700.697,1258.451706,1035.861478,1377638.113,1173.728296,6,19868.08984,3
0.0001,10,16,1,1069.503304,1795739.264,1340.051963,1139.742375,1628193.209,1276.006743,5,31494.34106,3
0.0001,10,16,2,1032.185665,1724071.346,1313.038974,924.5536405,1053388.651,1026.347237,5,44431.88721,3
0.0001,10,16,3,1080.800286,1890065.845,1374.796656,858.6597967,919395.72,958.8512502,5,54751.51831,3
0.0001,10,32,0,1079.160428,1865828.296,1365.953256,1019.709622,1333237.535,1154.659056,5,11474.56543,3
0.0001,10,32,1,1024.563838,1722221.894,1312.334521,1058.031484,1399454.587,1182.985455,5,20197.89868,3
0.0001,10,32,2,1102.253078,1951420.169,1396.932414,903.8093205,1002694.906,1001.346547,5,28761.24146,3
0.0001,10,32,3,1101.706955,1947921.687,1395.679651,893.1548013,1000703.351,1000.351614,6,39652.48657,3
0.0001,10,64,0,1140.136048,2044628.878,1429.905199,1070.59739,1356853.608,1164.840593,8,11907.19897,3
0.0001,10,64,1,1111.544684,1958017.928,1399.291938,983.4338133,1144179.203,1069.663126,7,18645.9187,3
0.0001,10,64,2,1127.293695,1983733.67,1408.450805,972.0186115,1113701.728,1055.320676,8,27690.40894,3
0.0001,10,64,3,1102.35048,1932088.287,1389.995787,1042.725095,1315196.945,1146.820363,8,34527.6936,3
0.0001,15,16,0,1093.307485,1892932.584,1375.838865,1178.211677,1771980.63,1331.157628,5,22718.48071,3
0.0001,15,16,1,1002.503168,1701470.159,1304.404139,972.8305188,1169543.141,1081.454179,5,42016.28931,3
0.0001,15,16,2,1082.355502,1965596.255,1401.997238,886.7252571,1004167.921,1002.081794,5,58762.87427,3
0.0001,15,16,3,1049.991837,1872948.162,1368.556963,1337.690302,2254501.208,1501.499653,6,85116.57593,3
0.0001,15,32,0,1062.256081,1823071.716,1350.21173,1036.740016,1362617.523,1167.312093,6,16463.60059,3
0.0001,15,32,1,1030.809116,1738759.287,1318.620221,935.5774769,1097298.038,1047.519947,6,30240.36182,3
0.0001,15,32,2,1070.732306,1869476.435,1367.287985,967.4800665,1154251.923,1074.36117,5,37856.04468,3
0.0001,15,32,3,1123.544048,2062233.526,1436.047884,881.5065695,977948.4956,988.9127846,6,52625.23462,3
0.0001,15,64,0,1191.794182,2188677.798,1479.418061,900.5805778,964083.5902,981.8775841,5,11876.37744,3
0.0001,15,64,1,1166.78684,2055950.021,1433.858438,1024.617457,1302940.915,1141.464373,6,22899.49194,3
0.0001,15,64,2,1118.394482,2030654.807,1425.010459,925.2483016,1028675.576,1014.23645,6,31338.34351,3
0.0001,15,64,3,1205.664828,2231346.595,1493.769258,1059.312961,1342773.956,1158.781237,7,41878.18457,3
0.1,5,16,0,946.5697845,1429488.794,1195.612309,910.7709313,1199952.43,1095.423402,0,18472.78979,4
0.1,5,16,1,972.2786216,1397088.005,1181.984774,1498.702557,2849031.377,1687.907396,5,21600.96875,4
0.1,5,16,2,2288.971871,6699718.691,2588.381481,365.5544244,184534.501,429.5747909,0,41430.40161,4
0.1,5,16,3,1042.129205,2116849.486,1454.939685,1042.290463,1358928.776,1165.731005,6,39305.79346,4
0.1,5,32,0,934.7684604,1451181.508,1204.649953,962.0589242,1230327.017,1109.201071,6,8854.327148,4
0.1,5,32,1,1544.663826,3594109.744,1895.813742,955.3806127,1183496.492,1087.88625,9,19941.58789,4
0.1,5,32,2,2288.613042,6694160.646,2587.307606,372.5148272,189862.9722,435.7326843,0,27136.33472,4
0.1,5,32,3,1545.983795,3817829.845,1953.926776,850.2478485,826611.4336,909.1817385,0,34358.71387,4
0.1,5,64,0,998.3816525,1606513.981,1267.483326,872.7391383,908000.3332,952.8905148,0,8392.883545,4
0.1,5,64,1,990.1431843,1513580.614,1230.276641,737.6604878,702736.8453,838.2940089,5,11348.74731,4
0.1,5,64,2,1180.874884,2456610.127,1567.357689,928.6634879,974884.397,987.3623433,8,18977.46777,4
0.1,5,64,3,2278.119528,6521255.946,2553.674988,676.3666581,508299.0264,712.9509285,0,25288.44409,4
0.1,10,16,0,1105.890605,1927555.325,1388.364262,1160.423573,1881452.918,1371.660642,5,17362.41504,4
0.1,10,16,1,2058.034341,5491473.69,2343.38936,533.4068133,424055.9054,651.1957505,5,30981.65723,4
0.1,10,16,2,11937.73856,149073492.5,12209.56562,11211.47047,125754465.8,11214.02986,0,65573.60718,4
0.1,10,16,3,10798.79227,123177805.1,11098.54969,10072.52418,101513139.1,10075.3729,0,80301.27051,4
0.1,10,32,0,1615.718901,3848044.871,1961.643411,913.4952731,1011889.204,1005.927037,0,16297.72949,4
0.1,10,32,1,12146.62284,154104337,12413.87679,11420.35474,130481898.3,11422.86734,0,28338.01318,4
0.1,10,32,2,8879.270299,85405331.63,9241.500507,8153.002204,66528840.73,8156.521362,0,40421.30444,4
0.1,10,32,3,12132.55301,153762733.2,12400.11021,4421808.501,2.70107E+15,51971791.75,0,50045.81763,4
0.1,10,64,0,2499.932596,8313177.682,2883.258171,2097.701478,5325190.763,2307.637485,0,11827.45581,4
0.1,10,64,1,1995.960755,6431900.535,2536.119188,2847.481335,9824558.546,3134.415184,0,21366.66992,4
0.1,10,64,2,12151.94999,154233779.1,12419.0893,11425.68189,130603602.5,11428.19332,5,21187.24805,4
0.1,10,64,3,2522.520567,9624050.707,3102.265415,1023.063239,1104054.188,1050.739829,0,35722.55933,4
0.1,15,16,0,2021.365514,5714828.382,2390.570723,1301.758272,1923774.344,1387.001927,0,35462.15747,4
0.1,15,16,1,nan,nan,nan,nan,nan,nan,4,34123.71338,4
0.1,15,16,2,nan,nan,nan,nan,nan,nan,4,49387.79443,4
0.1,15,16,3,12150.26094,154199200.1,12417.69705,11428.40625,130664887.2,11430.8743,8,102832.9197,4
0.1,15,32,0,nan,nan,nan,nan,nan,nan,4,12865.89893,4
0.1,15,32,1,nan,nan,nan,nan,nan,nan,4,22263.96753,4
0.1,15,32,2,nan,nan,nan,nan,nan,nan,4,32405.83936,4
0.1,15,32,3,nan,nan,nan,nan,nan,nan,4,40273.17456,4
0.1,15,64,0,nan,nan,nan,nan,nan,nan,4,10186.78125,4
0.1,15,64,1,nan,nan,nan,nan,nan,nan,4,18524.05688,4
0.1,15,64,2,12151.84248,154237634.9,12419.24454,11429.98779,130701038.7,11432.4555,5,32398.76709,4
0.1,15,64,3,12151.96455,154240601.7,12419.36398,11430.10986,130703829.2,11432.57754,5,39543.18921,4
0.01,5,16,0,845.8353706,1249559.28,1117.836876,1145.268434,1816048.142,1347.608305,0,20595.47363,4
0.01,5,16,1,782.5430293,1123740.639,1060.066337,977.7343438,1318042.987,1148.060533,9,35596.70313,4
0.01,5,16,2,727.3834784,979250.5234,989.5708784,832.2607655,1056100.512,1027.66751,0,50975.05444,4
0.01,5,16,3,797.0452178,1254715.427,1120.140807,535.277192,456858.2554,675.9129052,0,63443.59985,4
0.01,5,32,0,753.8333395,1093126.416,1045.526861,1168.347325,1685004.333,1298.077167,0,13092.43433,4
0.01,5,32,1,752.2999034,1027196.799,1013.507177,882.9156098,1014211.538,1007.080701,6,18836.98975,4
0.01,5,32,2,892.9705715,1341409.115,1158.192175,825.0241035,915740.6217,956.9433743,0,39145.07568,4
0.01,5,32,3,1213.052751,2416039.966,1554.361594,1227.487083,1703691.054,1305.255168,5,31286.31543,4
0.01,5,64,0,884.83168,1334483.111,1155.198299,918.4266795,1418848.247,1191.154166,5,10215.33813,4
0.01,5,64,1,942.796779,1518247.718,1232.171951,1326.240309,2027886.631,1424.038845,6,18642.62671,4
0.01,5,64,2,1067.355202,1835642.312,1354.858779,834.193016,938428.5326,968.72521,6,21377.20776,4
0.01,5,64,3,1096.186317,1794605.556,1339.628888,1147.921531,1588249.934,1260.257884,5,29469.76709,4
0.01,10,16,0,949.158907,1410792.887,1187.768027,1118.862293,1640167.444,1280.690222,5,24652.66846,4
0.01,10,16,1,817.5737392,1177007.705,1084.899859,1277.706608,1899644.231,1378.275818,5,33603.82324,4
0.01,10,16,2,599.626453,734743.296,857.1716841,846.5844447,1097113.647,1047.43193,0,66749.22632,4
0.01,10,16,3,888.8902694,1396634.106,1181.792751,938.4101147,1319938.238,1148.885651,5,53735.34668,4
0.01,10,32,0,751.5490427,1023280.076,1011.57307,803.268991,842114.8329,917.6681497,0,16254.98047,4
0.01,10,32,1,699.901591,884464.0109,940.459468,871.0403134,908862.7016,953.3429087,9,29326.42554,4
0.01,10,32,2,744.417322,990884.9763,995.4320551,951.0576281,1279138.809,1130.99019,0,40924.86182,4
0.01,10,32,3,881.3847001,1412872.436,1188.643107,1172.371762,1703690.349,1305.254898,5,35097.20557,4
0.01,10,64,0,1027.173125,1675457.711,1294.394728,1172.528057,2035348.31,1426.656339,5,8486.413086,4
0.01,10,64,1,1020.143135,1664350.497,1290.097088,1021.876325,1326012.885,1151.526328,5,15607.49487,4
0.01,10,64,2,796.5742983,1231916.221,1109.917214,919.3354769,1298433.141,1139.488105,6,22952.80933,4
0.01,10,64,3,990.2866763,1656919.712,1287.213934,1239.084714,2042522.922,1429.168612,5,26308.30664,4
0.01,15,16,0,776.1431281,1088394.739,1043.261587,500.1224509,580872.2599,762.1497621,7,29323.33691,4
0.01,15,16,1,1062.443836,1717168.869,1310.407902,1031.671143,1461067.055,1208.746067,5,39988.18213,4
0.01,15,16,2,700.7381566,1008987.799,1004.483847,1193.99636,1946017.956,1394.997475,9,88472.56616,4
0.01,15,16,3,897.0101414,1512887.02,1229.994723,849.6368472,949264.0344,974.3018189,5,72066.51636,4
0.01,15,32,0,653.9083559,779724.5372,883.0201227,1642.41946,3286538.986,1812.881404,9,21493.72339,4
0.01,15,32,1,1001.854741,1581367.712,1257.524438,1491.921711,2772012.784,1664.93627,9,39197.45044,4
0.01,15,32,2,987.3559834,1767514.617,1329.479077,991.0805764,1322354.301,1149.936651,5,37072.62915,4
0.01,15,32,3,894.2279922,1414739.3,1189.42814,847.9677854,1304063.968,1141.956202,5,45884.62231,4
0.01,15,64,0,952.9559086,1408650.772,1186.865945,664.5956794,677963.3014,823.3852691,5,10855.38257,4
0.01,15,64,1,1067.592999,1895315.009,1376.704401,979.8428366,1457164.129,1207.130535,5,19585.31982,4
0.01,15,64,2,945.1077588,1652451.415,1285.477116,1300.252663,1945962.092,1394.977452,5,27090.92065,4
0.01,15,64,3,881.9710231,1373618.935,1172.014904,963.862046,1215653.206,1102.566645,5,33004.41748,4
0.001,5,16,0,698.5759438,937862.7168,968.4331246,865.6350534,1242709.147,1114.768652,0,17839.31396,4
0.001,5,16,1,682.4360428,942081.7837,970.6089757,608.5157885,565032.3403,751.686331,0,29990.70142,4
0.001,5,16,2,1059.934736,1823399.454,1350.33309,1121.409203,1569278.651,1252.708526,5,28513.76416,4
0.001,5,16,3,855.1138831,1245600.672,1116.064815,1317.603971,2193107.844,1480.914529,5,35381.01611,4
0.001,5,32,0,899.7085735,1343086.984,1158.916297,831.0688616,1027916.461,1013.862151,5,8102.728516,4
0.001,5,32,1,869.2420693,1304395.379,1142.1013,729.1165727,851568.4954,922.8046897,5,13810.33325,4
0.001,5,32,2,963.9009719,1493962.037,1222.277398,924.5472638,1131771.579,1063.847535,5,19783.83032,4
0.001,5,32,3,981.7653692,1648629.999,1283.989875,1189.144387,1768812.474,1329.967095,5,24565.83032,4
0.001,5,64,0,961.475634,1452320.286,1205.122519,1044.307522,1407059.997,1186.195598,6,6940.80542,4
0.001,5,64,1,943.7422234,1429698.783,1195.700123,808.7123616,949621.8957,974.4854517,5,11808.24829,4
0.001,5,64,2,1003.445,1589866.246,1260.898983,792.1199466,870256.864,932.8755887,5,15693.27075,4
0.001,5,64,3,915.9808003,1409945.073,1187.41108,1301.244711,2045957.804,1430.369814,5,19454.48584,4
0.001,10,16,0,630.9788417,777423.875,881.7164369,807.7639052,944885.5067,972.052214,0,26087.95947,4
0.001,10,16,1,737.7895631,966717.9052,983.2181371,701.5362986,758000.6199,870.6323104,8,42941.63892,4
0.001,10,16,2,742.7499754,1078500.503,1038.508788,878.4968439,1351050.046,1162.346784,6,48618.20972,4
0.001,10,16,3,815.5313645,1263858.845,1124.214768,977.2009548,1300641.251,1140.456598,6,61156.72974,4
0.001,10,32,0,957.4076302,1478454.126,1215.91699,718.9828665,805255.0301,897.3600337,5,10956.67651,4
0.001,10,32,1,1024.150925,1607555.884,1267.894272,767.2877569,880540.3449,938.3711126,5,19841.48022,4
0.001,10,32,2,849.4033755,1317403.314,1147.781911,1123.543616,2098615.821,1448.660009,5,27950.71875,4
0.001,10,32,3,918.4116786,1513222.468,1230.131078,1291.249715,2087135.465,1444.69217,5,35209.77319,4
0.001,10,64,0,964.1028341,1477716.1,1215.613467,740.8483613,747014.708,864.3001261,5,8563.822266,4
0.001,10,64,1,933.5689653,1452193.237,1205.069806,717.3804817,819584.4488,905.309035,5,15294.21924,4
0.001,10,64,2,1000.704152,1707977.414,1306.896099,973.4409801,1164369.823,1079.059694,5,21428.45752,4
0.001,10,64,3,1016.895198,1710530.25,1307.872413,873.4825924,976148.7553,988.0024065,5,27237.68384,4
0.001,15,16,0,716.6513246,931178.8039,964.9760639,1251.617239,2033311.553,1425.942339,9,34738.43994,4
0.001,15,16,1,539.7756902,632126.0572,795.0635554,1007.453591,1392907.737,1180.215123,0,63627.05249,4
0.001,15,16,2,835.3918476,1380879.185,1175.108159,761.7867961,802693.3774,895.9315696,5,57921.58716,4
0.001,15,16,3,842.5859974,1321127.952,1149.403302,1041.077894,1571072.843,1253.424447,6,81725.96069,4
0.001,15,32,0,672.6625989,848590.1142,921.1895105,601.950992,870289.311,932.8929794,0,21336.33203,4
0.001,15,32,1,638.3729973,800583.0954,894.7530919,838.3307878,1162987.255,1078.418868,0,38754.73486,4
0.001,15,32,2,797.4989919,1252716.612,1119.248235,700.3431823,702045.0211,837.8812691,5,36740.69287,4
0.001,15,32,3,1103.155974,2208720.492,1486.176467,1312.631535,2810046.494,1676.319329,5,45973.18311,4
0.001,15,64,0,841.4027865,1291796.514,1136.572265,1003.475354,1406958.792,1186.152938,6,11847.90674,4
0.001,15,64,1,884.8246518,1340324.514,1157.723851,682.5775599,703979.8231,839.0350547,5,19738.77563,4
0.001,15,64,2,913.3270651,1447225.792,1203.006979,751.4312616,924777.0891,961.6533102,6,29306.59375,4
0.001,15,64,3,1018.546053,1774124.651,1331.962706,804.9654133,977865.3897,988.8707649,8,42900.47778,4
0.0001,5,16,0,1073.549872,1732556.559,1316.266143,1161.33243,1670492.627,1292.475388,5,11763.57642,4
0.0001,5,16,1,1039.829678,1672113.754,1293.102376,978.8918205,1161413.952,1077.689172,5,20539.89526,4
0.0001,5,16,2,1065.988264,1749774.524,1322.790431,950.9050231,1098760.806,1048.217919,5,28605.71094,4
0.0001,5,16,3,1092.540064,1836855.469,1355.306411,973.0444538,1121476.736,1058.997987,6,39780.76001,4
0.0001,5,32,0,1174.694561,2114159.225,1454.014864,745.8618398,687913.1964,829.405327,6,8660.687988,4
0.0001,5,32,1,1076.311808,1797214.216,1340.602184,1017.551383,1239477.413,1113.3182,7,16996.1626,4
0.0001,5,32,2,1143.848977,1950103.108,1396.460922,1185.180764,1685304.288,1298.192701,6,21900.24951,4
0.0001,5,32,3,1132.212342,1936461.053,1391.56784,750.4915859,658398.6509,811.4176797,6,27083.28394,4
0.0001,5,64,0,1361.002429,2807563.384,1675.578522,390.5665467,257807.9843,507.7479536,7,7311.378418,4
0.0001,5,64,1,1180.759304,2023664.21,1422.555521,738.00552,649109.616,805.6733929,8,13751.53687,4
0.0001,5,64,2,1178.262469,2042044.295,1429.001153,1005.505836,1174985.573,1083.967515,8,19197.94995,4
0.0001,5,64,3,1152.069541,2023644.957,1422.548754,739.2263794,633439.4954,795.8891226,0,24611.17212,4
0.0001,10,16,0,1047.061096,1708438.717,1307.072575,1148.587915,1679189.88,1295.835591,5,17726.98267,4
0.0001,10,16,1,978.0149311,1593797.049,1262.456751,1028.776483,1323790.646,1150.561014,5,31337.72266,4
0.0001,10,16,2,1210.514142,2190835.271,1480.147044,1292.703177,2041799.005,1428.915325,5,43339.31152,4
0.0001,10,16,3,1004.806175,1701880.81,1304.561539,1200.313547,1793237.587,1339.118213,5,54707.28345,4
0.0001,10,32,0,1079.452763,1783859.837,1335.612158,1126.053229,1538029.378,1240.173124,5,10986.95483,4
0.0001,10,32,1,1085.575562,1914819.737,1383.770117,815.1692105,786320.0538,886.7468939,5,20413.354,4
0.0001,10,32,2,1080.535048,1841467.587,1357.006849,1009.928196,1281893.802,1132.207491,6,31336.95923,4
0.0001,10,32,3,1132.16362,2006745.776,1416.596547,934.8568085,1091393.071,1044.697598,7,42995.09497,4
0.0001,10,64,0,1117.225024,1974926.733,1405.320865,759.9193825,717537.6074,847.075916,8,11338.77539,4
0.0001,10,64,1,1129.566345,1974603.193,1405.205747,878.3221083,925519.8082,962.0394005,6,16779.18848,4
0.0001,10,64,2,1126.661784,1969585.708,1403.419292,1032.017588,1354868.56,1163.988213,7,25557.85376,4
0.0001,10,64,3,1144.169629,2070107.307,1438.786748,788.8506273,752440.4468,867.4332521,8,34026.46313,4
0.0001,15,16,0,986.9495905,1601997.162,1265.700266,871.171849,965181.4438,982.4364834,5,22893.32739,4
0.0001,15,16,1,1008.431093,1656585.122,1287.083961,1107.134703,1551109.712,1245.435551,5,41606.32617,4
0.0001,15,16,2,1049.067676,1800755.335,1341.922254,1101.883253,1481429.955,1217.140072,5,57820.93359,4
0.0001,15,16,3,1080.13997,1961180.884,1400.421681,676.1125075,563017.0526,750.3446225,5,73059.92261,4
0.0001,15,32,0,1065.646642,1827253.894,1351.759555,948.0610331,1115786.099,1056.307767,5,15442.3645,4
0.0001,15,32,1,1051.692035,1786629.857,1336.648741,1034.140881,1357724.355,1165.214296,6,29355.38306,4
0.0001,15,32,2,1122.494234,1980768.772,1407.397873,985.4967493,1203420.789,1097.005373,5,37590.8894,4
0.0001,15,32,3,1164.984799,2193833.087,1481.159372,1191.343753,1719408.135,1311.262039,6,51040.81934,4
0.0001,15,64,0,1155.641605,2052935.063,1432.806708,928.744763,1032233.928,1015.989138,6,12324.33081,4
0.0001,15,64,1,1100.309364,1933991.695,1390.680299,969.1827948,1147871.12,1071.387474,6,22468.17505,4
0.0001,15,64,2,1106.748174,1988057.409,1409.984897,995.3463814,1203902.352,1097.224841,7,33447.90698,4
0.0001,15,64,3,1143.991709,2123881.847,1457.3544,916.9127402,1048839.437,1024.128623,7,40180.42822,4
